"Transaction Hash","Blockno","UnixTimestamp","DateTime (UTC)","From","To","ContractAddress","Value_IN(ETH)","Value_OUT(ETH)","CurrentValue @ $2721.8/Eth","TxnFee(ETH)","TxnFee(USD)","Historical $Price/Eth","Status","ErrCode","Method"
"0x7829d0c74abe327a89feb6e771266c44df7e272826bab7fe4776c2166825d24c","14989121","1655616958","2022-06-19 05:35:58","0x56d8b635a7c88fd1104d23d632af40c1c3aac4e3","0xd90e2f925da726b50c4ed8d0fb90ad053324f31b","","0","0","0","0.00908278758904146","24.721531259853","1127.03","","","Withdraw"
"0xe20c28e5c095c198d7ef4b3a7405148adb8f0a3bae214499c36d1c22a8644730","14989152","1655617329","2022-06-19 05:42:09","0x56d8b635a7c88fd1104d23d632af40c1c3aac4e3","0xd90e2f925da726b50c4ed8d0fb90ad053324f31b","","0","0","0","0.004601835042723192","12.525274619284","1127.03","","","Withdraw"
"0xe1b08633f9e05c5eaca23a48cb70c851430ef2e994aeaa991caeafb9ff142c5c","14989171","1655617564","2022-06-19 05:46:04","0x56d8b635a7c88fd1104d23d632af40c1c3aac4e3","0xd90e2f925da726b50c4ed8d0fb90ad053324f31b","","0","0","0","0.00451340742373104","12.2845923259111","1127.03","","","Withdraw"
"0x26eb717dd81c88fb65818e9036b9c7c23225a0f3bdabeeb1e7ca99d86434eb94","14989182","1655617702","2022-06-19 05:48:22","0x56d8b635a7c88fd1104d23d632af40c1c3aac4e3","0xd90e2f925da726b50c4ed8d0fb90ad053324f31b","","0","0","0","0.00459209331225492","12.4987595772954","1127.03","","","Withdraw"
"0x160483036aadc09106021cb340bf2446826bf78cc8d5ff1727fab5a4e0b244ff","14989194","1655617854","2022-06-19 05:50:54","0x56d8b635a7c88fd1104d23d632af40c1c3aac4e3","0xd90e2f925da726b50c4ed8d0fb90ad053324f31b","","0","0","0","0.00445761847674348","12.1327459700004","1127.03","","","Withdraw"
"0x491242ac78d2b67f96c6dbc0fae2d09bd1ec495f63ac170233705019df0f7d92","14989252","1655618812","2022-06-19 06:06:52","0x56d8b635a7c88fd1104d23d632af40c1c3aac4e3","0xd90e2f925da726b50c4ed8d0fb90ad053324f31b","","0","0","0","0.007087212330505776","19.2899745211706","1127.03","","","Withdraw"
"0xe8808cda46396c00b641838918e3eefe3ff58a93190c433b00044e6016b955f7","15022328","1656137928","2022-06-25 06:18:48","0x56d8b635a7c88fd1104d23d632af40c1c3aac4e3","0x56d8b635a7c88fd1104d23d632af40c1c3aac4e3","","0","0","0","0.0021","5.71578","1241.00","","","Transfer"
"0xe11294533ba51b75987a779f1553a82ffb3808a14db41b1d702cfdde400b08d3","15022340","1656138101","2022-06-25 06:21:41","0x56d8b635a7c88fd1104d23d632af40c1c3aac4e3","0xa7d8c4bc2bbe20ff6272f52c1917b8a91b4518ca","","0","0","0","0.01174026","31.954639668","1241.00","","","Cliam Unclaimed Reward"
"0xf7167a4e88e8d118ccd455fe5a7011004b062b51e9d6513d137ef5abefbdc6db","15022346","1656138209","2022-06-25 06:23:29","0x56d8b635a7c88fd1104d23d632af40c1c3aac4e3","0x0e239db593619bcf6248fdef4723f26cf40e1f37","","0","0","0","0.001334591722640748","3.63249175068359","1241.00","","","Approve"
"0x7f8e8465aa9b093e883784bc38ebb4c9ade574d52a6b5aed3cabbefeb37fabf2","15022353","1656138293","2022-06-25 06:24:53","0x56d8b635a7c88fd1104d23d632af40c1c3aac4e3","0x68b3465833fb72a70ecdf485e0e4c7bd8665fc45","","0","0","0","0.004148588432498122","11.2916279955734","1241.00","","","Multicall"
"0xc4948f25809b6645a3d05987e8d6fb90789698ae8b4ea4af2a56c42ccb0582c7","15070730","1656866901","2022-07-03 16:48:21","0x56d8b635a7c88fd1104d23d632af40c1c3aac4e3","0xbf078be36f3f3070f3bf6c9d36c8b3d320802ce9","","0","0.00000000000000466","0.000000000012683588","0.00318602729742969","8.67172909814413","1072.95","","","0x37c8f01a"
"0xef6f61e7d04f90cc78c3f6898b12893f547052556b2e6705cfecd1f4a959094f","15083086","1657031450","2022-07-05 14:30:50","0x56d8b635a7c88fd1104d23d632af40c1c3aac4e3","0x0db09d04d33539e3366de2591e920eba71edc879","","0","0.00000000000000932","0.000000000025367176","0.109561392195457425","298.204197277596","1131.96","Error(0)","execution reverted","0x37c8f01a"
"0x8bded20c1db5a1d5f595b15e682a95ce11d3c895d6031147fa49c4ffa5729a30","15084458","1657049412","2022-07-05 19:30:12","0x56d8b635a7c88fd1104d23d632af40c1c3aac4e3","0xe85a08cf316f695ebe7c13736c8cc38a7cc3e944","","0","0","0","0.022048000000044096","60.01024640012","1131.96","","","Owner Withdraw All To"
"0x9d446d98125614c02438e65fa1dbd15e1478fe3b2490a6b843265332c54ddfa0","15085806","1657068085","2022-07-06 00:41:25","0x56d8b635a7c88fd1104d23d632af40c1c3aac4e3","0xf57113d8f6ff35747737f026fe0b37d4d7f42777","","0","0.00000000000000466","0.000000000012683588","0.763704000001527408","2078.64954720416","1185.41","","","0x37c8f01a"
"0x776d2d6d7d09a514d8ad7c4683e43956ea61bed2a5b82c5c425645853478a89b","15086430","1657076319","2022-07-06 02:58:39","0x56d8b635a7c88fd1104d23d632af40c1c3aac4e3","0xf57113d8f6ff35747737f026fe0b37d4d7f42777","","0","0.00000000000000466","0.000000000012683588","0.90499000000180998","2463.20178200493","1185.41","Error(0)","execution reverted","0x37c8f01a"
"0xea9c4c8eb51e61ba0994f108164b591424671fa3badaa3a1cebcbed264a7b651","15086519","1657077375","2022-07-06 03:16:15","0x56d8b635a7c88fd1104d23d632af40c1c3aac4e3","0xf57113d8f6ff35747737f026fe0b37d4d7f42777","","0","0.00000000000000466","0.000000000012683588","1.099352126626519608","2992.21661825206","1185.41","Error(0)","execution reverted","0x37c8f01a"
"0x497e6ad285bd85551a1b2dbeb4e9504bb10ff11f8e0325166e7e5241ee69b82a","15119641","1657519534","2022-07-11 06:05:34","0x56d8b635a7c88fd1104d23d632af40c1c3aac4e3","0xb5c55f76f90cc528b2609109ca14d8d84593590e","","0","20","54436","0.000255293812998","0.694858700217956","1095.67","","","Transfer"
"0x49431520a8d2cafc49750a786f33363701760207e771466e687da886f7789b4d","15129296","1657648113","2022-07-12 17:48:33","0x56d8b635a7c88fd1104d23d632af40c1c3aac4e3","0xf57113d8f6ff35747737f026fe0b37d4d7f42777","","0","0.00000000000000932","0.000000000025367176","4.307431487808179304","11723.9670235163","1037.37","Error(0)","execution reverted","0x37c8f01a"
"0xfc5e83aeb16da206d288e2b83a2f35345af28a1ec1f1f2e57b20994eb7f24ed6","15154734","1657988090","2022-07-16 16:14:50","0x56d8b635a7c88fd1104d23d632af40c1c3aac4e3","0x0db09d04d33539e3366de2591e920eba71edc879","","0","0.00000000000000466","0.000000000012683588","11.826295437265660065","32188.8109211497","1356.31","Error(1)","execution reverted","0x37c8f01a"
"0xae0656cfbace4c923e412d83df43e32691feeb13693d4164c6d24e0e4d7db49e","15154740","1657988125","2022-07-16 16:15:25","0x56d8b635a7c88fd1104d23d632af40c1c3aac4e3","0xf57113d8f6ff35747737f026fe0b37d4d7f42777","","0","0.00000000000000466","0.000000000012683588","7.59943812214696644","20684.1506808596","1356.31","Error(0)","execution reverted","0x37c8f01a"
"0xdaec90eef1cf2c1c755aa521d2950c61357b7295d6f80fd2992913e49b702e39","15179147","1658315790","2022-07-20 11:16:30","0x56d8b635a7c88fd1104d23d632af40c1c3aac4e3","0xf57113d8f6ff35747737f026fe0b37d4d7f42777","","0","0.00000000000000466","0.000000000012683588","2.197157128174219582","5980.22227146459","1521.72","Error(0)","execution reverted","0x37c8f01a"
"0x1f3c2cf676fc388080e990f98ad7716c83aac3eb4a78cd18e970b30cf5bfaab0","15179149","1658315816","2022-07-20 11:16:56","0x56d8b635a7c88fd1104d23d632af40c1c3aac4e3","0xf164ce5450e9362e269e9efbdbb11841744c03b2","","0","0.00000000000000466","0.000000000012683588","3.351363000006702726","9121.73981341824","1521.72","Error(0)","execution reverted","0x37c8f01a"
"0xe9f0191f1fa73c7026be89a3bb19500bebe6806fe23c14e88186b0422703e413","15233205","1659041006","2022-07-28 20:43:26","0x56d8b635a7c88fd1104d23d632af40c1c3aac4e3","0xf57113d8f6ff35747737f026fe0b37d4d7f42777","","0","0.00000000000000466","0.000000000012683588","0.477089000000954178","1298.5408402026","1725.82","Error(0)","execution reverted","0x37c8f01a"
"0x30ea16d076718d1dc1a582839c635b01922ba6d9643313be187762abb95d2f49","15253633","1659316721","2022-08-01 01:18:41","0x56d8b635a7c88fd1104d23d632af40c1c3aac4e3","0xf164ce5450e9362e269e9efbdbb11841744c03b2","","0","0.20000000000000466","544.360000000013","0.31720907577244803","863.379662437449","1630.62","Error(0)","execution reverted","0x37c8f01a"
"0x61497a1a8a8659a06358e130ea590e1eed8956edbd99dbb2048cfb46850a8f17","15259101","1659389551","2022-08-01 21:32:31","0x56d8b635a7c88fd1104d23d632af40c1c3aac4e3","0xf57113d8f6ff35747737f026fe0b37d4d7f42777","","0","0.00000000000000466","0.000000000012683588","0.02274385138331853","61.9042146951164","1630.62","","","0x37c8f01a"
"0xbd6d9811b6319a2dd1b85af47a886df00d5a2e25df9b71763a107d8ee6e3bdca","15259103","1659389579","2022-08-01 21:32:59","0x56d8b635a7c88fd1104d23d632af40c1c3aac4e3","0x56d8b635a7c88fd1104d23d632af40c1c3aac4e3","","0","0","0","0.833444970053703","2268.47051949217","1630.62","","","Transfer"
"0x1a5d7a8f5dc44ab1b2634544a40bfbf61b344412e24f396e215b54912d20ce34","15259155","1659390389","2022-08-01 21:46:29","0x56d8b635a7c88fd1104d23d632af40c1c3aac4e3","0x0db09d04d33539e3366de2591e920eba71edc879","","0","0.00000000000000466","0.000000000012683588","0.385138392257694768","1048.26967604699","1630.62","Error(0)","execution reverted","0x37c8f01a"
"0x11f468aa89bc97d748dafbc58e90923222bfc8ed8628a60146e076e93801e762","15259200","1659390959","2022-08-01 21:55:59","0x56d8b635a7c88fd1104d23d632af40c1c3aac4e3","0x5d94309e5a0090b165fa4181519701637b6daeba","","0","0","0","0.645066726562960272","1755.74261635907","1630.62","Error(0)","execution reverted","Process"
"0x29b67e0701ddd910ff6a069aa039015eb78b1ee6d99ad8da5d0ef63916f3fd57","15259303","1659392537","2022-08-01 22:22:17","0x56d8b635a7c88fd1104d23d632af40c1c3aac4e3","0xf57113d8f6ff35747737f026fe0b37d4d7f42777","","0","0.00000000000000466","0.000000000012683588","0.240255269314987914","653.926792021534","1630.62","","","0x37c8f01a"
"0xe7fd692fcfae783149b695fc908c865669cc2be808ab47faabfe672eb014158c","15259312","1659392651","2022-08-01 22:24:11","0x56d8b635a7c88fd1104d23d632af40c1c3aac4e3","0x5d94309e5a0090b165fa4181519701637b6daeba","","0","0","0","0.150389000000300778","409.328780200819","1630.62","","","Process"
"0xa37b72b1db59b10a6860989689f1abae2d9ea14a691c5af4c78a04056027e525","15259332","1659392880","2022-08-01 22:28:00","0x56d8b635a7c88fd1104d23d632af40c1c3aac4e3","0xf57113d8f6ff35747737f026fe0b37d4d7f42777","","0","0.00000000000000466","0.000000000012683588","0.20452422004611498","556.674022121516","1630.62","Error(0)","execution reverted","0x37c8f01a"
"0x56b4551dd7e8f475a2c70c7a7e53a5e9a1d5e09f33dac0d89b7816748a8caaf6","15259358","1659393162","2022-08-01 22:32:42","0x56d8b635a7c88fd1104d23d632af40c1c3aac4e3","0x5d94309e5a0090b165fa4181519701637b6daeba","","0","0","0","0.014627352603949556","39.8127283174299","1630.62","","","Process"
"0x08f3202a22c92eda02e2068f854897bc335976797515c56a11fc8a1f25f035a4","15259367","1659393318","2022-08-01 22:35:18","0x56d8b635a7c88fd1104d23d632af40c1c3aac4e3","0xf57113d8f6ff35747737f026fe0b37d4d7f42777","","0","0.00000000000000466","0.000000000012683588","0.212107996070470838","577.315543704608","1630.62","","","0x37c8f01a"
"0x7a79d54a43d9f29c48e391c13b923eb272b7272f070385500d01b9a1807b7035","15259369","1659393344","2022-08-01 22:35:44","0x56d8b635a7c88fd1104d23d632af40c1c3aac4e3","0xf164ce5450e9362e269e9efbdbb11841744c03b2","","0","0.00000000000001398","0.000000000038050764","0.63615405318340755","1731.4841019546","1630.62","Error(0)","execution reverted","0x37c8f01a"
"0x1e215551c3107f3eef143b2db15e3f00ec187f067b5aba01741f915be94d0357","15259379","1659393503","2022-08-01 22:38:23","0x56d8b635a7c88fd1104d23d632af40c1c3aac4e3","0x5d94309e5a0090b165fa4181519701637b6daeba","","0","0","0","0.18152000000036304","494.061136000988","1630.62","","","Process"
"0x7b901108136067d142c6d4431f992c57fd51341eaac58fdf90de9400de573843","15259403","1659393799","2022-08-01 22:43:19","0x56d8b635a7c88fd1104d23d632af40c1c3aac4e3","0x5d94309e5a0090b165fa4181519701637b6daeba","","0","0","0","1.81293885112462016","4934.45696499099","1630.62","","","Process"
"0xac77367e3772bfa769e8e1a54cd5062545cb2cb28ec591246893082d79e16ba1","15259406","1659393812","2022-08-01 22:43:32","0x56d8b635a7c88fd1104d23d632af40c1c3aac4e3","0x5d94309e5a0090b165fa4181519701637b6daeba","","0","0","0","0.582054782267063952","1584.23670637449","1630.62","","","Process"
"0x1e8c51997083d93ef53bfeb844eb6baef7ffe297275f5fa61496c931a39e2cfe","15259423","1659393957","2022-08-01 22:45:57","0x56d8b635a7c88fd1104d23d632af40c1c3aac4e3","0x5d94309e5a0090b165fa4181519701637b6daeba","","0","0","0","0.12606477886860224","343.123115124562","1630.62","","","Process"
"0x9e7196a968da97fa93d3bc9f193e8cd5c0a0d13e191a503bab5b364673af35f1","15259434","1659394078","2022-08-01 22:47:58","0x56d8b635a7c88fd1104d23d632af40c1c3aac4e3","0xf57113d8f6ff35747737f026fe0b37d4d7f42777","","0","0.00000000000000466","0.000000000012683588","24.77261713617197799","67426.1093212329","1630.62","Error(0)","execution reverted","0x37c8f01a"
"0x568ab1cff56a1d57a420cf37325ea0888de9234fc4d7ee9591af55340a1a5411","15259440","1659394139","2022-08-01 22:48:59","0x56d8b635a7c88fd1104d23d632af40c1c3aac4e3","0x5d94309e5a0090b165fa4181519701637b6daeba","","0","0","0","0.10915215575875884","297.09033754419","1630.62","","","Process"
"0x600a483fcca4867d928f3f200fb4888ce03ba4f7bb458627dd722f14d83907d6","15259448","1659394215","2022-08-01 22:50:15","0x56d8b635a7c88fd1104d23d632af40c1c3aac4e3","0xf57113d8f6ff35747737f026fe0b37d4d7f42777","","0","0.00000000000000466","0.000000000012683588","0.296233470000533754","806.288258647453","1630.62","Error(0)","execution reverted","0x37c8f01a"
"0x13eef53f72c9924755a0842edf50a0787bef5e9f1dfd0220c31a24d626141cdb","15259451","1659394272","2022-08-01 22:51:12","0x56d8b635a7c88fd1104d23d632af40c1c3aac4e3","0x5d94309e5a0090b165fa4181519701637b6daeba","","0","0","0","0.0379729667026453","103.35482077126","1630.62","","","Process"
"0x2c9f65f8375d76fc8477f192df4f4e39cf5ac3e9219467d7294b31dcedf8f431","15259456","1659394314","2022-08-01 22:51:54","0x56d8b635a7c88fd1104d23d632af40c1c3aac4e3","0x5d94309e5a0090b165fa4181519701637b6daeba","","0","0","0","0.10468917498091764","284.942996463062","1630.62","","","Process"
"0x5562487c9c2425d92f12e672d3a0841500bfd2ddfa5ac501626d4ec96886c24a","15259459","1659394358","2022-08-01 22:52:38","0x56d8b635a7c88fd1104d23d632af40c1c3aac4e3","0x5d94309e5a0090b165fa4181519701637b6daeba","","0","0","0","0.186229140000335548","506.878473252913","1630.62","","","Process"
"0x60c35ec936e0be2e355b16bffbccfceb4849c13563f009f1eea0953d653f248c","15259461","1659394408","2022-08-01 22:53:28","0x56d8b635a7c88fd1104d23d632af40c1c3aac4e3","0xf57113d8f6ff35747737f026fe0b37d4d7f42777","","0","0.00000000000000466","0.000000000012683588","0.815088907005433435","2218.50898708739","1630.62","Error(0)","execution reverted","0x37c8f01a"
"0x22336a9c76a28b24bb9c74c3b238655d836d501b38ea129ce0515af3f4bbb117","15259463","1659394448","2022-08-01 22:54:08","0x56d8b635a7c88fd1104d23d632af40c1c3aac4e3","0x0db09d04d33539e3366de2591e920eba71edc879","","0","0.00000000000005126","0.000000000139519468","2.91334000000582668","7929.52881201586","1630.62","","","0x37c8f01a"
"0xa7adfcc5101ede08ebfa4920180f52f717e737c2715c681b443f383a45c3837f","15259464","1659394485","2022-08-01 22:54:45","0x56d8b635a7c88fd1104d23d632af40c1c3aac4e3","0x0d683079d989294c7990d3858e7f16571d6e8c23","","0","0.00000000000005592","0.000000000152203056","0.736455600009819408","2004.48485210673","1630.62","Error(1)","execution reverted","0x37c8f01a"
"0xa128549137a4c385b5a254b2f9112b521f1bdd27099b4ee89c7160ac930c1475","15259489","1659394800","2022-08-01 23:00:00","0x56d8b635a7c88fd1104d23d632af40c1c3aac4e3","0xf57113d8f6ff35747737f026fe0b37d4d7f42777","","0","0.09206972747361133","250.595384237675","0.202808061285232231","552.002981206145","1630.62","Error(0)","execution reverted","0x37c8f01a"
"0x81a66210a27b5085f89cc6befbb48d3a7c5b3146ce5910f1f98a2cfe88f825b3","15259493","1659394837","2022-08-01 23:00:37","0x56d8b635a7c88fd1104d23d632af40c1c3aac4e3","0xf57113d8f6ff35747737f026fe0b37d4d7f42777","","0","0.07964980911510506","216.790850449493","0.937703694244269","2552.24191499405","1630.62","Error(0)","execution reverted","0x37c8f01a"
"0x2da443c78717b347ff19623c57edeac96cf1e1451444b91e8a3ad093a9f0d6b1","15259496","1659394863","2022-08-01 23:01:03","0x56d8b635a7c88fd1104d23d632af40c1c3aac4e3","0x0db09d04d33539e3366de2591e920eba71edc879","","0","0.04980413249260836","135.556887818381","10.254731160433354741","27911.3272724675","1630.62","Error(0)","execution reverted","0x37c8f01a"
"0x2417caab399e6ff7f0758d784493496c685545801b20d6ff630e59882ad68cbe","15259500","1659394910","2022-08-01 23:01:50","0x56d8b635a7c88fd1104d23d632af40c1c3aac4e3","0xf57113d8f6ff35747737f026fe0b37d4d7f42777","","0","0.00000000000000466","0.000000000012683588","9.858449030480970804","26832.7265711631","1630.62","Error(0)","execution reverted","0x37c8f01a"
"0x964e6d0977a218014cfdfc76703150487f8a748ff21e6028377abb9595288238","15259501","1659394924","2022-08-01 23:02:04","0x56d8b635a7c88fd1104d23d632af40c1c3aac4e3","0x5d94309e5a0090b165fa4181519701637b6daeba","","0","0","0","0.2446825540815109","665.976975699056","1630.62","Error(0)","execution reverted","Process"
"0x77ffd77d590901062f68394013a592d5c3987792779cef2e60ed05d17baba17b","15259503","1659394994","2022-08-01 23:03:14","0x56d8b635a7c88fd1104d23d632af40c1c3aac4e3","0xf57113d8f6ff35747737f026fe0b37d4d7f42777","","0","0.08133783476198426","221.385318655169","3.89364609043192374","10597.7259289376","1630.62","Error(0)","execution reverted","0x37c8f01a"
"0x49eb90f1b2aec991b4224e4544c1509b82cf304cdc5500465aa6c59abf3dda89","15259506","1659395063","2022-08-01 23:04:23","0x56d8b635a7c88fd1104d23d632af40c1c3aac4e3","0x5d94309e5a0090b165fa4181519701637b6daeba","","0","0","0","0.579739770548704812","1577.93570747947","1630.62","","","Process"
"0x50615bdb3625a0600bfbe4895b9f6a80702520e56c9e8c26d9272ada03b4cd24","15259508","1659395084","2022-08-01 23:04:44","0x56d8b635a7c88fd1104d23d632af40c1c3aac4e3","0x5d94309e5a0090b165fa4181519701637b6daeba","","0","0","0","0.177976741473743784","484.417094943236","1630.62","Error(0)","execution reverted","Process"
"0x748d0c65259a7196667f9696b927389788a250869007cee118fb4f115929f880","15259517","1659395216","2022-08-01 23:06:56","0x56d8b635a7c88fd1104d23d632af40c1c3aac4e3","0x5d94309e5a0090b165fa4181519701637b6daeba","","0","0","0","0.251684219336261675","685.034108189437","1630.62","","","Process"
"0xb75d5032cd38774f4b0de4d43a89ac014d67c9ea12abc2e627c003a911eff4a3","15259518","1659395230","2022-08-01 23:07:10","0x56d8b635a7c88fd1104d23d632af40c1c3aac4e3","0x5d94309e5a0090b165fa4181519701637b6daeba","","0","0","0","0.167707000000335414","456.464912600913","1630.62","","","Process"
"0x8c65b2b25be2c929d86f1fb556aa0b981bd54c2ad54d8de63d3876c4c833293e","15259521","1659395290","2022-08-01 23:08:10","0x56d8b635a7c88fd1104d23d632af40c1c3aac4e3","0xf164ce5450e9362e269e9efbdbb11841744c03b2","","0","0.00000000000005126","0.000000000139519468","2.268277000004536554","6173.79633861235","1630.62","Error(1)","execution reverted","0x37c8f01a"
"0xd072438573c3bb1df3afeed96c84799c681c28edc214cc269b9536fe2bd8220b","15259535","1659395441","2022-08-01 23:10:41","0x56d8b635a7c88fd1104d23d632af40c1c3aac4e3","0x5d94309e5a0090b165fa4181519701637b6daeba","","0","0","0","0.050556231000340446","137.603949536727","1630.62","","","Process"
"0x73360a8fa7a4882ad5f4f836eb61a362330702827ae117344e796ff380138971","15259536","1659395462","2022-08-01 23:11:02","0x56d8b635a7c88fd1104d23d632af40c1c3aac4e3","0x5d94309e5a0090b165fa4181519701637b6daeba","","0","0","0","0.150607000000602428","409.92213260164","1630.62","","","Process"
"0xb0978e34c140d7b8faa1f02c5298fbabbbecb3897a989d7e7812a1f3f3f2cd12","15259555","1659395728","2022-08-01 23:15:28","0x56d8b635a7c88fd1104d23d632af40c1c3aac4e3","0xf57113d8f6ff35747737f026fe0b37d4d7f42777","","0","0","0","0.008460852105952058","23.0287472619803","1630.62","","","0x37c8f01a"
"0x98c897c13d6db69128c8bcc17f0a390014904a5e8cf838dae65c53f0eba86257","15259582","1659395930","2022-08-01 23:18:50","0x56d8b635a7c88fd1104d23d632af40c1c3aac4e3","0x5d94309e5a0090b165fa4181519701637b6daeba","","0","0","0","0.526044472594268021","1431.78784550708","1630.62","","","Process"
"0x6d6cb2aab2f194eebe6425fe76f1ffee73a30b7d695bb5cc15b67dcf36a3fffb","15259589","1659396024","2022-08-01 23:20:24","0x56d8b635a7c88fd1104d23d632af40c1c3aac4e3","0x5d94309e5a0090b165fa4181519701637b6daeba","","0","0","0","0.301238000000301238","819.90958840082","1630.62","","","Process"
"0x5ef54a9c14b934d7ef90739d80a8832e24cd0c4dd8a5e80cdad402bd001d635a","15259590","1659396052","2022-08-01 23:20:52","0x56d8b635a7c88fd1104d23d632af40c1c3aac4e3","0x5d94309e5a0090b165fa4181519701637b6daeba","","0","0","0","0.150619000000301238","409.95479420082","1630.62","","","Process"
"0xb4c100e5033448108c6619f124804f23041b9f42801fa4a0b643c3bcbdc905cc","15259591","1659396087","2022-08-01 23:21:27","0x56d8b635a7c88fd1104d23d632af40c1c3aac4e3","0x5d94309e5a0090b165fa4181519701637b6daeba","","0","0","0","0.150619000000301238","409.95479420082","1630.62","","","Process"
"0x5be06c19a349537b2c2b6463add3fd7e1bb3adb4708262d40a9fc192119584f5","15259592","1659396146","2022-08-01 23:22:26","0x56d8b635a7c88fd1104d23d632af40c1c3aac4e3","0x5d94309e5a0090b165fa4181519701637b6daeba","","0","0","0","0.137972000000275944","375.532189600751","1630.62","Error(0)","execution reverted","Process"
"0x084e2a13e374ec45b412f8dc51a7e9a744efefbe5fde7521a9a4e7d59fedc0bd","15259595","1659396200","2022-08-01 23:23:20","0x56d8b635a7c88fd1104d23d632af40c1c3aac4e3","0x5d94309e5a0090b165fa4181519701637b6daeba","","0","0","0","0.153123000000306246","416.770181400834","1630.62","","","Process"
"0x37cc766d5bc73a95069d488e21902efe459600b6e714b75a8204601d9573e005","15259601","1659396320","2022-08-01 23:25:20","0x56d8b635a7c88fd1104d23d632af40c1c3aac4e3","0x5d94309e5a0090b165fa4181519701637b6daeba","","0","0","0","1.440277752926518427","3920.1479879154","1630.62","","","Process"
"0x37150873cef4143501c459e7a8c9bb52b4b22f859127bef4bae563654e816f44","15259603","1659396403","2022-08-01 23:26:43","0x56d8b635a7c88fd1104d23d632af40c1c3aac4e3","0xf57113d8f6ff35747737f026fe0b37d4d7f42777","","0","0.00000000000000932","0.000000000025367176","8.41096297359726362","22892.959021537","1630.62","Error(0)","execution reverted","0x37c8f01a"
"0x29c2b0ab1aecd8631d2ab0b4b4dc9f444ed15479e7719e7bfef656555d24a87c","15259617","1659396544","2022-08-01 23:29:04","0x56d8b635a7c88fd1104d23d632af40c1c3aac4e3","0xa0b86991c6218b36c1d19d4a2e9eb0ce3606eb48","","0","0","0","0.00100329720591941","2.73077433507145","1630.62","","","Approve"
"0x6cdb54bd7f0832129a954907248ba189b36d43e0953292362c00bb7e9f51e9b2","15259619","1659396634","2022-08-01 23:30:34","0x56d8b635a7c88fd1104d23d632af40c1c3aac4e3","0x5d94309e5a0090b165fa4181519701637b6daeba","","0","0","0","0.287458256997420374","782.403883895579","1630.62","Error(0)","execution reverted","Process"
"0xaf05b7e78a414a44b2b96c8ceee3ca718df2582bd6193b31f21cb4dbbd9fcbb1","15259629","1659396783","2022-08-01 23:33:03","0x56d8b635a7c88fd1104d23d632af40c1c3aac4e3","0xbebc44782c7db0a1a60cb6fe97d0b483032ff1c7","","0","0","0","0.002232778530069975","6.07717660314446","1630.62","","","Exchange"
"0x7f819d5030ae9dd7e83d9611261760645c67d03f6c0952093991e606da929f15","15259641","1659396913","2022-08-01 23:35:13","0x56d8b635a7c88fd1104d23d632af40c1c3aac4e3","0xf57113d8f6ff35747737f026fe0b37d4d7f42777","","0","0","0","0.000823454260419648","2.2412778060102","1630.62","","","0x37c8f01a"
"0xf820a11d0b3b5c2816aae2f9c7fd12443dd300aa12130cf50cf724f0c373bde2","15259644","1659396962","2022-08-01 23:36:02","0x56d8b635a7c88fd1104d23d632af40c1c3aac4e3","0x5d94309e5a0090b165fa4181519701637b6daeba","","0","0","0","0.138506000000277012","376.985630800754","1630.62","Error(0)","execution reverted","Process"
"0x42b96fc163479e1a9b4aa96f62c6ce2e23de874e6772573bff4139352b1a52ae","15259645","1659396967","2022-08-01 23:36:07","0x56d8b635a7c88fd1104d23d632af40c1c3aac4e3","0x0d683079d989294c7990d3858e7f16571d6e8c23","","0","0.00000000000000466","0.000000000012683588","1.452620427422940526","3953.74227935976","1630.62","Error(0)","execution reverted","0x37c8f01a"
"0x380c4264c6e08d27a5d77cb4a00d0c1b113df9622dbf2bf8268e27471df33486","15259653","1659397013","2022-08-01 23:36:53","0xa91153c26fd5b5e54796ed635df97c6a5e50bf85","0x56d8b635a7c88fd1104d23d632af40c1c3aac4e3","","0.001337","0","3.6390466","0.000178671832815","0.486308994555867","1630.62","","","Transfer"
"0x0ad6e88578a251a5584ca1162603ba6f0cd839a8027deb3ec409cdc21b8251fd","15259660","1659397088","2022-08-01 23:38:08","0x56d8b635a7c88fd1104d23d632af40c1c3aac4e3","0x5d94309e5a0090b165fa4181519701637b6daeba","","0","0","0","0.13796000000027592","375.499528000751","1630.62","Error(0)","execution reverted","Process"
"0xc4bcf66bebdd28f01bc2cbb19729b695d1f898edff8d45a6c17b9deb1a858dc6","15259679","1659397289","2022-08-01 23:41:29","0x56d8b635a7c88fd1104d23d632af40c1c3aac4e3","0x853d955acef822db058eb8505911ed77f175b99e","","0","0","0","0.000401481767880444","1.09275307581699","1630.62","","","Approve"
"0x7212506377a4cbcda9145216ba49e227135ed7655e24d8ce5a6931ceab9e2350","15259680","1659397322","2022-08-01 23:42:02","0x56d8b635a7c88fd1104d23d632af40c1c3aac4e3","0xd632f22692fac7611d2aa1c0d552930d43caed3b","","0","0","0","0.00231411701262196","6.29856368495445","1630.62","","","Exchange_underlying"
"0x9675fc3ca96b5bc0e7ae80692f164e977a82ec9779af688769d41bbd64f049b4","15259682","1659397346","2022-08-01 23:42:26","0xa91153c26fd5b5e54796ed635df97c6a5e50bf85","0x56d8b635a7c88fd1104d23d632af40c1c3aac4e3","","0.00080085","0","2.17975353","0.000205853089449","0.560290938862288","1630.62","","","Transfer"
"0x7ac31ac847e3bcd1936f8a3aa766c6c8ed59d43350ee427e499bb941e62eefa2","15259684","1659397363","2022-08-01 23:42:43","0xa91153c26fd5b5e54796ed635df97c6a5e50bf85","0x56d8b635a7c88fd1104d23d632af40c1c3aac4e3","","0.0000000000001","0","0.00000000027218","0.000204283433004","0.556018647950287","1630.62","","","Transfer"
"0x345a059726263d1ba73acc2ea2b863e99ee4c0936f18f9fd08c4dd72bf4215e3","15260794","1659412320","2022-08-02 03:52:00","0xc8c9922e0d9acad3dcb966659e50cc7feb2c3bea","0x56d8b635a7c88fd1104d23d632af40c1c3aac4e3","","0.00192164","0","5.230319752","0.000469578930564432","1.27809993321027","1631.11","","","0x48692074"
"0x80c9e04ed69d729618e6e17f10cca2c66a47fcd7aa98080e644ae5802c8ab75c","15261140","1659417020","2022-08-02 05:10:20","0xb580a159ab57136d7682456bd60725d4cd7acb45","0x56d8b635a7c88fd1104d23d632af40c1c3aac4e3","","0","0","0","0.000195724433270408","0.532722762475397","1631.11","","","0x436f6e67"
"0x19adc0572d4dedeebb190606dfa6310edf562913a2fd6bd7fcfae43a35766917","15261143","1659417039","2022-08-02 05:10:39","0xa1ed36fe9e4a32737472ea0dd632825e73cb2943","0x56d8b635a7c88fd1104d23d632af40c1c3aac4e3","","0.00001","0","0.027218","0.000128688","0.3502629984","1631.11","","","0x49276d20"
"0xc8f379addff003c33a8e9b27de1d9ff8ad952e7c0b23e0347f8f1cc1a698ddfc","15261154","1659417197","2022-08-02 05:13:17","0xb580a159ab57136d7682456bd60725d4cd7acb45","0x56d8b635a7c88fd1104d23d632af40c1c3aac4e3","","0","0","0","0.000185860072271048","0.505873944707338","1631.11","","","0x436f6e67"
"0xf824e13f4eb9c7cd7b71b047dffa6f9d2d94d5946a53c95c1200aa76c8d64ea7","15264316","1659459740","2022-08-02 17:02:20","0x46757c51c893cd89a4edd1b7010bf69e4c185385","0x56d8b635a7c88fd1104d23d632af40c1c3aac4e3","","0.00000000001","0","0.000000027218","0.0005886","1.60205148","1631.11","","","0x43616e20"
"0x37e161a7fdb942015bbaeb7dfa9ebbb7487cfe5a17e35c30165dca362b7232f6","15264417","1659461205","2022-08-02 17:26:45","0x17fab5f665424421eefa1add951b91d7d57cb1fb","0x56d8b635a7c88fd1104d23d632af40c1c3aac4e3","","0","0","0","0.000520596491905728","1.41695953166901","1631.11","","","0x49276d20"
"0x038c2379ebee17cdb43e4b17a3310b1e916d8d07a2589928d148399894933886","15264622","1659463945","2022-08-02 18:12:25","0x7224b2cc5492f3e9f53764c6e851c619e24cafdc","0x56d8b635a7c88fd1104d23d632af40c1c3aac4e3","","0.00001","0","0.027218","0.000235364164623","0.640614183270881","1631.11","","","Transfer"
"0x3b30763c424b6320803b38745fc6266d26faad7331f97ff7a8ad180890aae613","15264633","1659464160","2022-08-02 18:16:00","0x17fab5f665424421eefa1add951b91d7d57cb1fb","0x56d8b635a7c88fd1104d23d632af40c1c3aac4e3","","0","0","0","0.000396541082138728","1.07930551736519","1631.11","","","0x796f7572"
"0x661d95b9eff18fac613ac7e311ad8e2c142ba481d1a11eeac7238fa0ab8c6618","15264642","1659464335","2022-08-02 18:18:55","0x17fab5f665424421eefa1add951b91d7d57cb1fb","0x56d8b635a7c88fd1104d23d632af40c1c3aac4e3","","0","0","0","0.000402642574203424","1.09591255846688","1631.11","","","0x796f7572"
"0xfb103ccfb2c9367b80e899215b4e8a2017f3be89bfd3ea85ff3a62928550fe34","15264646","1659464397","2022-08-02 18:19:57","0x17fab5f665424421eefa1add951b91d7d57cb1fb","0x56d8b635a7c88fd1104d23d632af40c1c3aac4e3","","0","0","0","0.0004782863348668","1.30179974624046","1631.11","","","0x796f7572"
"0x6644b7b5700c0b14aa6adccda983aa3678e7c386f0fb88ab3de7a4111cbf73d4","15264655","1659464479","2022-08-02 18:21:19","0x17fab5f665424421eefa1add951b91d7d57cb1fb","0x56d8b635a7c88fd1104d23d632af40c1c3aac4e3","","0","0","0","0.00033900260483168","0.922697289830867","1631.11","","","0x796f7572"
"0xea54f17923f9b72b549b7110cbe03d474ef89fabb43af130c2caeb4d8fd8667e","15264657","1659464519","2022-08-02 18:21:59","0x17fab5f665424421eefa1add951b91d7d57cb1fb","0x56d8b635a7c88fd1104d23d632af40c1c3aac4e3","","0","0","0","0.0003556172227378","0.967918956847744","1631.11","","","0x796f7572"
"0xd316e8eefac1986f28890d2aa30ba1d07eec99aab7865b07c60a13a127c3eacc","15264660","1659464554","2022-08-02 18:22:34","0x17fab5f665424421eefa1add951b91d7d57cb1fb","0x56d8b635a7c88fd1104d23d632af40c1c3aac4e3","","0","0","0","0.000323760490098712","0.881211301950674","1631.11","","","0x796f7572"
"0xac3a0756269f562d3bb55599a35daae13e65dace139c2507bd30ad7ad2f3c1ca","15266900","1659494549","2022-08-03 02:42:29","0xb2c3a8fe0309a405c90a9f521bb33e3e30cf919e","0x56d8b635a7c88fd1104d23d632af40c1c3aac4e3","","0.00001","0","0.027218","0.00054123248798076","1.47312658578603","1618.68","","","0x6d6f6f6e"
"0xd79be689177f4010d349ac8748ab49de25e97bb86459d04e47423250d7130bf1","15275346","1659609008","2022-08-04 10:30:08","0xb4ee247c3c8c4f3cc832bb95215e0daea78201fc","0x56d8b635a7c88fd1104d23d632af40c1c3aac4e3","","0","0","0","0.000307872","0.8379660096","1607.96","","","0x49206c6f"
"0x29dfad6eafdc9a4356e23ab6e19e063777ef32d259a704535ae31a888e5f0d8a","15275507","1659611064","2022-08-04 11:04:24","0x94a82e323a8c87dbeb6d474a60a09a9635bbf154","0x56d8b635a7c88fd1104d23d632af40c1c3aac4e3","","0","0","0","0.00016204","0.441040472","1607.96","","","0x4e6f6d61"
"0x7161680692b6c88933ba8d9acadc12cd6df6d784a0ee67ba81f94388eb7a5328","15276049","1659618129","2022-08-04 13:02:09","0x7d056d4bfbf13f27adedf610671b276ae717dfa4","0x56d8b635a7c88fd1104d23d632af40c1c3aac4e3","","0","0","0","0.00028885528428684","0.786206312771921","1607.96","","","0x646f6e27"
"0x0c335270740a2dd35ad818a0f31c54fe6736ca81aaae217be8331fc70493afa7","15276418","1659623289","2022-08-04 14:28:09","0xe03e6e551a9dfa93b96adc4eff3c5ad26cd7edf1","0x56d8b635a7c88fd1104d23d632af40c1c3aac4e3","","0.000000001","0","0.0000027218","0.00040123159059624","1.09207214328485","1607.96","","","0x48657920"
"0xab25a9480efaa16064ac4557f3f9cb2da4a7450744fe8b942dafaed394335a5a","15279338","1659662633","2022-08-05 01:23:53","0xe07f9adea51525942fa915dae9216ee91cd0e894","0x56d8b635a7c88fd1104d23d632af40c1c3aac4e3","","0","0","0","0.0001485827063844","0.40441241023706","1736.78","","","0x746f726e"
"0xeb9dfea8ddef67806f73eadf9760e336ea4abe6a3e1d96d81da9136d903580ba","15281009","1659685015","2022-08-05 07:36:55","0x0346562bcf427797cce8e3a2ba12808240c6d644","0x56d8b635a7c88fd1104d23d632af40c1c3aac4e3","","0","0","0","0.000242079555146576","0.658892133197951","1736.78","","","0x6d616420"
"0x58dcb5b65c9fc6a7c4ba01f0989e182b5755799ecad631ad234ec0976d0b78c1","15303493","1659987485","2022-08-08 19:38:05","0xc2cad8f49cf18475b6893acb209ee4884e7fc2a8","0x56d8b635a7c88fd1104d23d632af40c1c3aac4e3","","0","0","0","0.000672991778509392","1.83174902274686","1777.99","","","0x48656c6c"
"0x7ec94a8f8cdb9350fcaf452495fa7599058a06448b6566998c474fe49eeb52f2","15346784","1660577282","2022-08-15 15:28:02","0x0468c8d4e517c37267aa1dbf307350ffc996cbcb","0x56d8b635a7c88fd1104d23d632af40c1c3aac4e3","","0","0","0","0.000778809243466512","2.11976299886715","1899.64","","","0x48656c6c"
"0x92c5b78c4e480e04cbbe186c8294bb5a1927cbcad1ff346a86bccdf34c71fe29","15403298","1661349324","2022-08-24 13:55:24","0x56d8b635a7c88fd1104d23d632af40c1c3aac4e3","0xc02aaa39b223fe8d0a0e5c4f27ead9083c756cc2","","0","0","0","0.0004566","1.24277388","1656.52","","","Withdraw"
"0x976b2c819e5ac3f64623268146df04f5d577f2f6ea30810ba2ead7d325f993f4","15403324","1661349654","2022-08-24 14:00:54","0x56d8b635a7c88fd1104d23d632af40c1c3aac4e3","0x6b175474e89094c44da98b954eedeac495271d0f","","0","0","0","0.00070599","1.921563582","1656.52","","","Transfer"
"0xfd243724371bea1221d1bd9d8e6755656ef697d594e97a46ca21ca3390ae7fe1","15403341","1661349958","2022-08-24 14:05:58","0x56d8b635a7c88fd1104d23d632af40c1c3aac4e3","0x649614d3f7a7d68b3cf3c00264a07eeae4326fdc","","0","23073.4","62801180.12","0.000525","1.428945","1656.52","","","Transfer"
"0xc88d70f517df791c06499ea1e3721db5d1c89c623c677c7aa655fbc50d3cb4ee","15403349","1661350085","2022-08-24 14:08:05","0xb4ee247c3c8c4f3cc832bb95215e0daea78201fc","0x56d8b635a7c88fd1104d23d632af40c1c3aac4e3","","0","0","0","0.0005541137753508","1.50818687374981","1656.52","","","0x48657921"
"0x13d4ca65511cd41629890f19acf48a0f57f66ee76ee4abe603a04a3d898080c7","16895922","1679643467","2023-03-24 07:37:47","0xfa24ea2318dbc719b9d1a0d8eb7f282255c5bde0","0x56d8b635a7c88fd1104d23d632af40c1c3aac4e3","","0.000001","0","0.0027218","0.000495144305093768","1.34768376960422","1751.74","","","0x48656c6c"
"0xb1f3167ff2cb526059f69600a26a0ee8bdb8237a9401c67ede3739e86ec6e498","16895934","1679643611","2023-03-24 07:40:11","0xfa24ea2318dbc719b9d1a0d8eb7f282255c5bde0","0x56d8b635a7c88fd1104d23d632af40c1c3aac4e3","","0.000001","0","0.0027218","0.000495144305093768","1.34768376960422","1751.74","","","0x48656c6c"
"0x45973a80eeb2da22ad7997845d33397af23effcd18dc0688bea6e843a9c965d0","21779628","1738750463","2025-02-05 10:14:23","0xaf6e9cfb6fd0b0d7b70c62ae467401992a9ac8f0","0x56d8b635a7c88fd1104d23d632af40c1c3aac4e3","","0","0","0","0.000392277352208904","1.06770049724219","2788.52","","","0xd094d0be"
"0xc57c8001eaf2d56070bb0507724cbd88491e354672b52da11071d7008eaee02c","21954341","1740860099","2025-03-01 20:14:59","0xe546480138d50bb841b204691c39cc514858d101","0x56d8b635a7c88fd1104d23d632af40c1c3aac4e3","","0","0","0","0.000069580170377808","0.189383307734318","2216.72","","","0x48657920"
