Transaction Hash,Status,Method,BlockNo,DateTime (UTC),From,From_Nametag,To,To_Nametag,Amount,Value (USD),Token
"0xe48140a83ee5465a70305c392ac2faf758c9aa6261d787265409bbd6810c2973","Success","Execute","26099257","2026-10-01 18:27:59","0xc8103e6180e59b09c501676a756c742b8ae086fc","","0x649614d3f7a7d68b3cf3c00264a07eeae4326fdc","","250 M","$0.00","ERC-20: Alpha Dao(ALPHA)"
"0x045d24b74bc1265b6cf3f39bf259b24a3e05f6ff5e7fff2f8f3446c7b9820233","Success","Execute","26096131","2026-10-01 07:59:47","0xc8103e6180e59b09c501676a756c742b8ae086fc","","0x649614d3f7a7d68b3cf3c00264a07eeae4326fdc","","488 M","$0.00","ERC-20: Alpha Dao(ALPHA)"
"0x2b855d552c6e444ffaeb1476e00f15fcb6e30800264d212228c2d3ed98710357","Success","Execute","26096034","2026-10-01 07:40:11","0xc8103e6180e59b09c501676a756c742b8ae086fc","","0x649614d3f7a7d68b3cf3c00264a07eeae4326fdc","","488 M","$0.00","ERC-20: Alpha Dao(ALPHA)"
"0x2129478ee8312ba0253162b4631285808442e7581cf4acd0de0353b19dc5b41a","Success","Execute","26096030","2026-10-01 07:39:23","0xc8103e6180e59b09c501676a756c742b8ae086fc","","0x649614d3f7a7d68b3cf3c00264a07eeae4326fdc","","488 M","$0.00","ERC-20: Alpha Dao(ALPHA)"
"0x2b0e50709a7f27084dd1ae9d2d3f7984a66038f37a2e15803cf4564b7307da78","Success","Execute","26095582","2026-10-01 06:09:47","0xc8103e6180e59b09c501676a756c742b8ae086fc","","0x649614d3f7a7d68b3cf3c00264a07eeae4326fdc","","95,000,000","$0.00","ERC-20: Alpha Dao(ALPHA)"
"0x3986dea068b4fb31dfb61aba1b91d3c982cda80fd40611bfd5db1e57e9e54e64","Success","Execute","26092891","2026-09-30 21:09:35","0xc8103e6180e59b09c501676a756c742b8ae086fc","","0x649614d3f7a7d68b3cf3c00264a07eeae4326fdc","","42,500,000","$0.00","ERC-20: Alpha Dao(ALPHA)"
"0x7748943b1c6e109d53cecc12c075a6af591aa4b9d6762c0c1d727cf14f7a7a5e","Success","Execute","26092767","2026-09-30 20:44:47","0xc8103e6180e59b09c501676a756c742b8ae086fc","","0x649614d3f7a7d68b3cf3c00264a07eeae4326fdc","","22,590,000","$0.00","ERC-20: Alpha Dao(ALPHA)"
"0x03479bcbf30fa292547da4547d1f89cc2a99a874b5a9354c23e6f51f99ce4ef5","Success","Execute","26064438","2026-09-26 21:53:11","0x3d51807664cecbcf79b78261478830e29358f665","Uniswap V2: GLAMDOG","0x649614d3f7a7d68b3cf3c00264a07eeae4326fdc","","22,000,000","$0.00","ERC-20: Glamdog Coin(GLAMDOG)"
"0x38035908e686524b24327715db8677e1c68e45a1e9787ffa3feb7fbb41e2e6c4","Success","Execute","26064243","2026-09-26 21:13:59","0x3d51807664cecbcf79b78261478830e29358f665","Uniswap V2: GLAMDOG","0x649614d3f7a7d68b3cf3c00264a07eeae4326fdc","","551 M","$0.00","ERC-20: Glamdog Coin(GLAMDOG)"
"0x997b5f7f759bdd6bf978bee38277d6a8af09386fcb0859598a79cc45f74c40d9","Success","Execute","25806411","2026-08-21 22:10:11","0xfc615b4de67e6b46b3d43c6a3fae9b373015ee88","Uniswap V2: PIPECAT","0x649614d3f7a7d68b3cf3c00264a07eeae4326fdc","","22,000,000","$0.00","ERC-20: Pipe Cat(PIPECAT)"
"0xfcdfcf74f10ff797937a67eec00f4025ad9e2fc03b04b345efa788fd84d45fc4","Success","Execute","25597005","2026-07-23 17:44:59","0x644cc87ba4976cdbbc465768c24720b76022b544","Uniswap V2: XAICAT","0x649614d3f7a7d68b3cf3c00264a07eeae4326fdc","","1.50 B","$0.00","ERC-20: Xaicat Coin(XAICAT)"
"0x338d95d2669f94652ccddb4bc8fc2f0756f244f37622c607eb4290ecca20bbfa","Success","Disperse Token","25199892","2026-05-29 08:41:23","0xd15fe25ed0dba12fe05e7029c88b10c25e8880e3","","0x649614d3f7a7d68b3cf3c00264a07eeae4326fdc","","921","$0.12","ZIK coin(ZIK)"
"0x3f2c3f270b794e53cb2fc4d034f8302ab1781158aeb4ef03a735db0ba4f6ae10","Success","0x60806040","25104136","2026-05-16 00:27:35","0xef160a30134f815ef1b5b97b5fd26ee5ff225e37","","0x649614d3f7a7d68b3cf3c00264a07eeae4326fdc","","< 0.000000001","$0.00","ERC-20: DIXT.FINANCE(DIXT)"
"0x38f6b3dfc52a1dd01395102b1aa2a6a770f7910ac17a83e14770d2365b09b526","Success","Execute","24898630","2026-04-17 09:19:35","0x7df8a3d9b8cbfe04bd5972f60502d4c545f2d00b","","0x649614d3f7a7d68b3cf3c00264a07eeae4326fdc","","2.55 B","$0.00","ERC-20: Artemis(ARTEMIS)"
"0x14942c627f7f50201cc5b5cd756e765bd7376e6b0596968c4996a0f40e996488","Success","0x60806040","24765955","2026-03-29 21:32:23","0x1f80c7bd550b54b5227224352b6f9485facb337d","","0x649614d3f7a7d68b3cf3c00264a07eeae4326fdc","","0.000000003","$0.00","ERC-20: yefam.finance(FAM)"
"0x2d2237958f8c800491894944de8a31d64826b8d7897dfabce943accc970c19c7","Success","Disperse Token","24753088","2026-03-28 02:31:11","0xd152f549545093347a162dce210e7293f1452150","Disperse.app","0x649614d3f7a7d68b3cf3c00264a07eeae4326fdc","","1","$0.000948","HEX(HEX)"
"0x2a15fc1e05a52746a4938a94a32294eb298a7de33c3d4189d42fd2653e46fca7","Success","Execute","24565564","2026-03-01 22:24:11","0x677df468271ffe2086588d6246a4f6c1262dab08","Uniswap V2: DubAI 36","0x649614d3f7a7d68b3cf3c00264a07eeae4326fdc","","25.50 B","$0.00","ERC-20: DubAI(DubAI)"
"0xd8ed8921fc0c63c943a50bb6fb79299a302cbba34cc85304c0d615773d53d982","Success","Execute","24261874","2026-01-18 13:15:11","0x0f2069f65c24039fe9e8d4fb9a6341be2857e998","Uniswap V2: eHYPER","0x649614d3f7a7d68b3cf3c00264a07eeae4326fdc","","96 B","$0.00","ERC-20: Ethereum Hyper(eHYPER)"
"0xb865944cea132942d250a47413ab6e5ace13a6b8b8550afbd10c35e343963443","Success","Multisend","24154284","2026-01-03 13:01:35","0x42e89cbb123f29b3645e2c66a51e86e75c86ca1e","","0x649614d3f7a7d68b3cf3c00264a07eeae4326fdc","","41.9","$0.00","ERC-20: Nicolas Maduro(MADURO)"
"0x5913277be118e0af5d2dac28bad3d0671a9406249becc700d94061608d482476","Success","0x60806040","24001468","2025-12-13 05:01:47","0x560bd5a58e9b881a1ce8a4a09adacb1fe8bdac53","","0x649614d3f7a7d68b3cf3c00264a07eeae4326fdc","","3.6828","$0.00","MoonDayPlus.com(MD+)"
"0x88f123e232566c5bdfe7fdf58d9d5369c27dcf880673dfe1ad2d0432332de90b","Success","Execute","23935690","2025-12-03 21:48:23","0xd4a4bde6c1a425395d7e1c2c13e132f56c510f4e","Uniswap V2: BrainETH","0x649614d3f7a7d68b3cf3c00264a07eeae4326fdc","","355 B","$0.00","ERC-20: BRAIN ETH(BrainETH)"
"0x5f45ddbbed545f44906558fff5f8d00ad777b088fd57d9a4ce37330b55635fff","Success","Execute","23790282","2025-11-13 12:27:23","0xff8f617f64a140f41554ff6c252d94a8339c5298","Uniswap V2: SLOINK 12","0x649614d3f7a7d68b3cf3c00264a07eeae4326fdc","","37,071,918.19","$0.00","ERC-20: Sloink by Matt Furie(SLOINK)"
"0xae7a033c38c49685d968c4f3cf25706c5a7d6ff41bdcfcd6855ef9fb753f20ef","Success","Execute","23766700","2025-11-10 05:13:59","0x9a16a9c9a82134facb4e153c81b0f45aed9ccf3f","Uniswap V2: Openx 3","0x649614d3f7a7d68b3cf3c00264a07eeae4326fdc","","6 T","$0.00","ERC-20: OpenxAI(Openx)"
"0xa0582ce14b5bc9d6b3bca3f4cf712c0ef04c4e8c8fbc942e652d5c4b796dad0a","Success","Execute","23630211","2025-10-22 02:51:59","0xe3c3461d78debe1d6d2086eb03ed82e5c6660cca","Uniswap V2: wkeyDAO","0x649614d3f7a7d68b3cf3c00264a07eeae4326fdc","","100 T","$0.00","ERC-20: wkey DAO(wkeyDAO)"
"0x09b28b1daf62357b13d663a8946572c73ae19f2464a14160c3998b987f3c2654","Success","Execute","23616965","2025-10-20 06:14:35","0xd9d6dfbc011b45c81c3032168f120369d4229611","Uniswap V2: GRVT 7","0x649614d3f7a7d68b3cf3c00264a07eeae4326fdc","","97,846,531.25","$0.00","ERC-20: GRVT(GRVT)"
"0xf81be8cb8c3ba5b2da2bd91b904dbe073e1e84ac9e0fa5410a5463def7c1ad5a","Success","Execute","23595133","2025-10-17 04:55:47","0x9079940df8b19c46a1b3731db7ad08a7cc84b136","Uniswap v2: WETH/NVIDIA Pair","0x649614d3f7a7d68b3cf3c00264a07eeae4326fdc","","100 T","$0.00","ERC-20: NVIDIA GeForce(NVIDIA)"
"0x86cf64b374daa0e8fc19d6538df2bf33f3c1a74ad07c5cd99ca777a8747ee6b8","Success","Execute","23595044","2025-10-17 04:37:47","0x0000000000000000000000000000000000000000","Null: 0x000...000","0x649614d3f7a7d68b3cf3c00264a07eeae4326fdc","","> 999 T","$0.00","ERC-20: NVIDIA GeForce(NVIDIA)"
"0x50fc63333e6cf04ea78ea2fbfe884fb6ff07790d3b8d2686655e71803bfa11b9","Success","Execute","23580057","2025-10-15 02:16:23","0xd9d6dfbc011b45c81c3032168f120369d4229611","Uniswap V2: GRVT 7","0x649614d3f7a7d68b3cf3c00264a07eeae4326fdc","","230 T","$0.00","ERC-20: GRVT(GRVT)"
"0x603599f3bdcabeb43852b5e3d5f9d8c2037116a081b793f94daff0b30cdee13c","Success","Execute","23580056","2025-10-15 02:16:11","0xd9d6dfbc011b45c81c3032168f120369d4229611","Uniswap V2: GRVT 7","0x649614d3f7a7d68b3cf3c00264a07eeae4326fdc","","450 T","$0.00","ERC-20: GRVT(GRVT)"
"0x322ada1f2a226614e959a7dc54ea7b07621ea4eebda563a6b4e5cc4ea2b50de9","Success","Execute","23565874","2025-10-13 02:39:35","0x93788a2150e6f5c0dd21e1f166bfccdfba7428bd","Uniswap V2: OscarAI","0x649614d3f7a7d68b3cf3c00264a07eeae4326fdc","","400 T","$0.00","ERC-20: OscarAI(OscarAI)"
"0x7e2a22f8d4882dbe29b04a15d6f4b6c027bdf6c2c205ebf0d123c42f77ddc75c","Success","Execute","23544395","2025-10-10 02:37:47","0xc878fc489bbe474fba1c9ce9170ad16530f1c877","Uniswap V2: Lighter","0x649614d3f7a7d68b3cf3c00264a07eeae4326fdc","","200 T","$0.00","ERC-20: Lighter(Lighter)"
"0xb6a5f73dafe549f32eb4da7d5e7f374b2d9597a0e1e6719d130468218d45aa08","Success","Execute","23532097","2025-10-08 09:18:59","0x81049d5cd8537f822aa753073a91a197be78b7fe","Uniswap V2: ETH LIFE","0x649614d3f7a7d68b3cf3c00264a07eeae4326fdc","","100 T","$0.00","ERC-20: Ethereum life(ETH LIFE)"
"0xecb991db79ab678bba359996b4d4aee46516135f0efebb21f41f9cac22678c5d","Success","Execute","23521693","2025-10-06 22:25:47","0x41fe16fb415afb2678e6cfd07c99924ca6afdc0d","Uniswap V2: wPERP","0x649614d3f7a7d68b3cf3c00264a07eeae4326fdc","","224.50 M","$0.00","ERC-20: WYNN PERP(wPERP)"
"0xd410d5e69e7cba89f89f014fbe1183919cacf3510633f73d6508b2c1f7d5e84b","Success","Execute","23360117","2025-09-14 08:26:59","0xbac2b1f1d3585d302c1a0af76a9e6e85b11ef3d2","Uniswap V2: PROXIMA 5","0x649614d3f7a7d68b3cf3c00264a07eeae4326fdc","","35.57 B","$0.00","ERC-20: Proxima DAO(PROXIMA)"
"0x7b72e5d0a6450ae17c63a24b8353e7a01f5dce4c7ee6b489c1f9f3c6b8bc32aa","Success","Execute","23342345","2025-09-11 20:56:23","0xbac2b1f1d3585d302c1a0af76a9e6e85b11ef3d2","Uniswap V2: PROXIMA 5","0x649614d3f7a7d68b3cf3c00264a07eeae4326fdc","","225 B","$0.00","ERC-20: Proxima DAO(PROXIMA)"
"0xedb77e46fc0447dc201353e3c075afe63ff9ee80b14ee2e3fe5ee65a2e53cd90","Success","Multisend Token","23336732","2025-09-11 02:07:11","0x410c23879c7345e077225c90c792a3ad03a20e24","","0x649614d3f7a7d68b3cf3c00264a07eeae4326fdc","","419","$0.00","ERC-20: Charlie Kirk(CHARLIE KIRK)"
"0x6f24b9aa4448fa8aa09f2b5e56916e543374a91bee17535115644f1e220d53e0","Success","Multisend Token","23332014","2025-09-10 10:12:23","0xe1b3382ca5501d9a6a18b32de402e7f9a0002ccb","","0x649614d3f7a7d68b3cf3c00264a07eeae4326fdc","","429.28","$0.00","ERC-20: IRYNA(Justice for Iryna)"
"0x77bd633f6f5cf9c80913cce5bae0097be8f019b4e915ab166c3915ab23211da9","Success","Execute","23277961","2025-09-02 20:59:23","0x97cd878d295e3d20f663a39bde895b519e1af750","Uniswap V2: HYPER 57","0x649614d3f7a7d68b3cf3c00264a07eeae4326fdc","","3.50 T","$0.00","ERC-20: Hyper Inu(HYPER)"
"0x3915309204250d874fd4b2cf85ef055c089d46ae77189e3c310a8292c66e4982","Success","Multisend Token","23264690","2025-09-01 00:25:11","0xf61cfcf14e6e896eb157f5c8359eeaa024e61045","","0x649614d3f7a7d68b3cf3c00264a07eeae4326fdc","","419","$0.00","ERC-20: American Bitcoin(ABTC)"
"0x04006498a0f8600a06e93eafe253e83827d9e6eeacbe93815aeda89b7d4990d5","Success","Execute","23261129","2025-08-31 12:28:23","0x4258c3834afd212cbb822c7b92d2fca777843424","Uniswap V2: WLFI 103","0x649614d3f7a7d68b3cf3c00264a07eeae4326fdc","","60 B","$0.00","ERC-20: World Liberty Financial(WLFI)"
"0xc506c63e24f5f951176238e0748fd174f59a6305a131e9aac071a205213632c9","Success","0x60806040","23256201","2025-08-30 19:59:35","0x72fb2b886bd860370a1eaba93d4d8d9fee9411a8","Spam_Token60800","0x649614d3f7a7d68b3cf3c00264a07eeae4326fdc","","0.0000001","$0.000273","Wrapped Ether(WETH)"
"0xe97a768a861d8b97d9433691a0fd5a804fd9e6a2756f7e7525deccaa29555c71","Success","Execute","23210157","2025-08-24 09:49:23","0x4258c3834afd212cbb822c7b92d2fca777843424","Uniswap V2: WLFI 103","0x649614d3f7a7d68b3cf3c00264a07eeae4326fdc","","25 B","$0.00","ERC-20: World Liberty Financial(WLFI)"
"0x4e691189715b2ed05ed48206de9c57255cb12c0bad49c66ce0f7480c1524277d","Success","Execute","23210119","2025-08-24 09:41:47","0x4258c3834afd212cbb822c7b92d2fca777843424","Uniswap V2: WLFI 103","0x649614d3f7a7d68b3cf3c00264a07eeae4326fdc","","25 B","$0.00","ERC-20: World Liberty Financial(WLFI)"
"0xa9c0b71d765d1b16e7fa2ab7fd66dd530d4556c3ae8dabd26d3d36baa03c1896","Success","Execute","23175430","2025-08-19 13:30:35","0xd4bc07487b4b3dfac47ade811f54c46ce3636f4b","Uniswap V2: GROK4 AI","0x649614d3f7a7d68b3cf3c00264a07eeae4326fdc","","> 999 T","$0.00","ERC-20: Grok4 AI(GROK4 AI)"
"0x8e7f4579cd195b3f0bc5a462bbc54a4d9cece161cd1acc0568a3b21af55a6e22","Success","0x60806040","23057289","2025-08-03 01:35:47","0x16f7b7d3fa354d60ab0d1ba769d66c2cd13291d0","","0x649614d3f7a7d68b3cf3c00264a07eeae4326fdc","","0.0001","$0.00","ERC-20: yRise.Finance(yRise)"
"0xd9a9ba24d39752b4b7ef33cf1a9ccd6f466d2770e9658593c04f215e4f94ee78","Success","Execute","23037834","2025-07-31 08:15:47","0xa511654f52cc00136cd568ae117d73aaa3ea7d25","Uniswap V2: QUANT 33","0x649614d3f7a7d68b3cf3c00264a07eeae4326fdc","","22 B","$0.00","ERC-20: QuantTensor(QUANT)"
"0x9bf827816de511910d09db9e7f6a80ed91e0df605a1deb40e565b06821821378","Success","Execute","23010758","2025-07-27 13:24:11","0x9bd50ed8a0d183396caaf463f6c89e9deb643537","Uniswap V2: TESLA AI 15","0x649614d3f7a7d68b3cf3c00264a07eeae4326fdc","","332.15 T","$0.00","ERC-20: Tesla AI(TESLA AI)"
"0x6f8fefb3c04f289b0c9e4423b7647d2c600ef7d96abf9967f1b0c75e8b8e0743","Success","Execute","23000432","2025-07-26 02:48:47","0x9eeb2ef3dc69433e94c1622813ba1bcdab5a90b5","Uniswap V2: GENERATIVE AI 2","0x649614d3f7a7d68b3cf3c00264a07eeae4326fdc","","900 T","$0.00","ERC-20: Generative AI(GENERATIVE AI)"
"0xc5ecaa5df5456a99c064ae828a519ee4c1377f77a533349c533aa3c1d42f6ec5","Success","Execute","22995515","2025-07-25 10:18:35","0x9d4d7abddcad93c9db702af8f5aa7b9265267cda","Uniswap V2: MISTRAL AI 3","0x649614d3f7a7d68b3cf3c00264a07eeae4326fdc","","566.56 T","$0.00","ERC-20: Mistral AI(MISTRAL AI)"
"0x221329cd6920ca5a868e8ea7e659b46fc66a997caa6c14cda4fc99caa91d5861","Success","Execute","22985895","2025-07-24 01:59:47","0x3f6b65b1b72808771f4b932f34a3322e3b815c5a","Uniswap V2: KLING AI","0x649614d3f7a7d68b3cf3c00264a07eeae4326fdc","","78.65 T","$0.00","ERC-20: Kling AI(KLING AI)"