"Transaction Hash","Blockno","UnixTimestamp","DateTime (UTC)","From","To","ContractAddress","Value_IN(ETH)","Value_OUT(ETH)","CurrentValue @ $2729.25/Eth","TxnFee(ETH)","TxnFee(USD)","Historical $Price/Eth","Status","ErrCode","Method"
"0xc98e586f49bbedeebd9809d582fb3f8d2ac89df08f60326bde54b4ddd79a53e6","15403384","1661350439","2022-08-24 14:13:59","0xb5c55f76f90cc528b2609109ca14d8d84593590e","0xab96e9ae52351f27ff9ace45ac2cb7083044eb69","","1110.9","0","3031923.825","0.000525","1.43285625","1656.52","","","Transfer"
"0x0ad97752410eb0d17b69fb98ae06d39b4a9fb33f2b952a955e811cca5b9cf7e6","15403409","1661350839","2022-08-24 14:20:39","0xa097ab329509bff14b7b2af5c9288c012dd9c172","0xab96e9ae52351f27ff9ace45ac2cb7083044eb69","","0.001","0","2.72925","0.0004269651219462","1.16529455907167","1656.52","","","0x506c6561"
"0x3f573b3d6c244e4d413e7f015527aa9ecb24d64e453c558bff3d69f50367342f","15403521","1661352543","2022-08-24 14:49:03","0xf30798bb33ecc64e696a7f73ae72c023f5f10522","0xab96e9ae52351f27ff9ace45ac2cb7083044eb69","","0","0","0","0.000380928782618048","1.03964987996031","1656.52","","","0x506c6561"
"0xdab9462f4d2d44baabc5a5f38648a62f3fed37741a68b2e3d4f78113e424d6ad","15438079","1661831045","2022-08-30 03:44:05","0x5a2c1f87cc9713251bd5baa696628e2665342e4a","0xab96e9ae52351f27ff9ace45ac2cb7083044eb69","","0","0","0","0.000467401847781072","1.27565649305649","1524.62","","","0xeca080ec"
"0xc5e21e1157fb4f2e12f81af5332eea73ffbbfb30569ffbccc22161615707b532","15443815","1661910242","2022-08-31 01:44:02","0x5a2c1f87cc9713251bd5baa696628e2665342e4a","0xab96e9ae52351f27ff9ace45ac2cb7083044eb69","","0","0","0","0.000473266027596456","1.29166130581763","1554.16","","","0x48692066"
"0x20023a7a1d149a7ac23ac8fd3ed6c91422d63684423a56f810d0e111ab8a7835","16895773","1679641643","2023-03-24 07:07:23","0xfa24ea2318dbc719b9d1a0d8eb7f282255c5bde0","0xab96e9ae52351f27ff9ace45ac2cb7083044eb69","","0.000001","0","0.00272925","0.00045104241041048","1.2310074986128","1751.74","","","0x4f6b2e2e"
"0x50395879be01a245aff11f5dd6eec40c8bcc050eaf4c04eb2a279bd217db71df","16895780","1679641727","2023-03-24 07:08:47","0xfa24ea2318dbc719b9d1a0d8eb7f282255c5bde0","0xab96e9ae52351f27ff9ace45ac2cb7083044eb69","","0.000001","0","0.00272925","0.00045104241041048","1.2310074986128","1751.74","","","0x4f6b2e2e"
"0x5d1cf9d231aa2c42a57402df9616ed7c544b83ed39be4a87af420a4e1f6bdc9a","22406959","1746320027","2025-05-04 00:53:47","0x290ca4da2c963dea5ae736469a5b8a53d64d4e6a","0xab96e9ae52351f27ff9ace45ac2cb7083044eb69","","0","0","0","0.000022536","0.061506378","1809.00","","","0x68747470"
"0x0542bbec3c0fd2b011fd76f26490831ca0b07b791f71e583e7a11b18f057a95f","22407305","1746324227","2025-05-04 02:03:47","0x290ca4da2c963dea5ae736469a5b8a53d64d4e6a","0xab96e9ae52351f27ff9ace45ac2cb7083044eb69","","0","0","0","0.000022712","0.061986726","1809.00","","","0x68747470"
"0xe69558c8890883eaf869754e5de9035b69dd3ee12bbee9fe3cb9508d3775e64c","22407673","1746328691","2025-05-04 03:18:11","0x290ca4da2c963dea5ae736469a5b8a53d64d4e6a","0xab96e9ae52351f27ff9ace45ac2cb7083044eb69","","0","0","0","0.000022712","0.061986726","1809.00","","","0x68747470"
"0x006614aafeef1f6b90189165a03e72778696b723db3971aa670463dea4a92f0b","22408043","1746333167","2025-05-04 04:32:47","0x290ca4da2c963dea5ae736469a5b8a53d64d4e6a","0xab96e9ae52351f27ff9ace45ac2cb7083044eb69","","0","0","0","0.000022712","0.061986726","1809.00","","","0x68747470"
"0x6ade46898776800dd22187baa0f0fc1f2babc4f9c46524e4cd4e4ec485b6b46f","22408416","1746337655","2025-05-04 05:47:35","0x290ca4da2c963dea5ae736469a5b8a53d64d4e6a","0xab96e9ae52351f27ff9ace45ac2cb7083044eb69","","0","0","0","0.000022712","0.061986726","1809.00","","","0x68747470"
"0xb95b8535285746058236ffefcd982f2c0708796cca0791501b1c10f7975a1cea","22408789","1746342179","2025-05-04 07:02:59","0x290ca4da2c963dea5ae736469a5b8a53d64d4e6a","0xab96e9ae52351f27ff9ace45ac2cb7083044eb69","","0","0","0","0.000022712","0.061986726","1809.00","","","0x68747470"
"0x29a5fa7777396f973f534d180167b1f8beed6e9119552fb14061137dd404aa11","22409159","1746346667","2025-05-04 08:17:47","0x290ca4da2c963dea5ae736469a5b8a53d64d4e6a","0xab96e9ae52351f27ff9ace45ac2cb7083044eb69","","0","0","0","0.000022712","0.061986726","1809.00","","","0x68747470"
"0xa1751b09913ff74f9006ec7a902b566ec1a76bb16a24cc8f121604041f6b7edb","22409528","1746351179","2025-05-04 09:32:59","0x290ca4da2c963dea5ae736469a5b8a53d64d4e6a","0xab96e9ae52351f27ff9ace45ac2cb7083044eb69","","0","0","0","0.000022712","0.061986726","1809.00","","","0x68747470"
"0x5747287b64e8b169b312805df2e32c834fa610e5694e704cb97ce515a40d33c5","22409901","1746355679","2025-05-04 10:47:59","0x290ca4da2c963dea5ae736469a5b8a53d64d4e6a","0xab96e9ae52351f27ff9ace45ac2cb7083044eb69","","0","0","0","0.000022712","0.061986726","1809.00","","","0x68747470"
"0xef87cff6264556373093d381182741d1fce1e6d6b232913cbc9536fc64c3ee97","22410269","1746360155","2025-05-04 12:02:35","0x290ca4da2c963dea5ae736469a5b8a53d64d4e6a","0xab96e9ae52351f27ff9ace45ac2cb7083044eb69","","0","0","0","0.000022712","0.061986726","1809.00","","","0x68747470"
"0xc0b2f7dede5b235d59165f70e065b9d2c5d881809817ed13e259d584c2d05c51","22411011","1746369179","2025-05-04 14:32:59","0x290ca4da2c963dea5ae736469a5b8a53d64d4e6a","0xab96e9ae52351f27ff9ace45ac2cb7083044eb69","","0","0","0","0.000022712","0.061986726","1809.00","","","0x68747470"
"0x40e1a98e9b1fd9d1e607db3d82929a6adda2655e1f83c9ed8fd25f228c353e58","22411387","1746373715","2025-05-04 15:48:35","0x290ca4da2c963dea5ae736469a5b8a53d64d4e6a","0xab96e9ae52351f27ff9ace45ac2cb7083044eb69","","0","0","0","0.000022712","0.061986726","1809.00","","","0x68747470"
"0x62986108369736fdf4e84eeee3469925f5cc5e066fe06d38dd4093bd582e13e0","22411755","1746378179","2025-05-04 17:02:59","0x290ca4da2c963dea5ae736469a5b8a53d64d4e6a","0xab96e9ae52351f27ff9ace45ac2cb7083044eb69","","0","0","0","0.000022712","0.061986726","1809.00","","","0x68747470"
"0x9f04b1eb2c04f3c0998c7fb82aee0d467e234f7026fd72ddeae1e39a79485928","22412532","1746387551","2025-05-04 19:39:11","0x290ca4da2c963dea5ae736469a5b8a53d64d4e6a","0xab96e9ae52351f27ff9ace45ac2cb7083044eb69","","0","0","0","0.000022712","0.061986726","1809.00","","","0x68747470"
"0x29c9dc3f24e8a4dd2e469af110521a6d6baa2707abc5b211c51dc8334185f963","22412927","1746392363","2025-05-04 20:59:23","0x290ca4da2c963dea5ae736469a5b8a53d64d4e6a","0xab96e9ae52351f27ff9ace45ac2cb7083044eb69","","0","0","0","0.000022712","0.061986726","1809.00","","","0x68747470"
"0x2eb5e80fe90a45472907b53dda346b4c97b189b9f8893b7e1578d86ec3908ad8","22413309","1746396971","2025-05-04 22:16:11","0x290ca4da2c963dea5ae736469a5b8a53d64d4e6a","0xab96e9ae52351f27ff9ace45ac2cb7083044eb69","","0","0","0","0.000022712","0.061986726","1809.00","","","0x68747470"
"0x929de13afc96ccddcc42be797f76f3494063b38837a86577f23a7490f2a377f5","22415046","1746418007","2025-05-05 04:06:47","0x290ca4da2c963dea5ae736469a5b8a53d64d4e6a","0xab96e9ae52351f27ff9ace45ac2cb7083044eb69","","0","0","0","0.000017022","0.0464572935","1820.05","","","0x68747470"
"0xe0143695892541eadb3fea767614bed872f44c9ac3228c69a9661671e8f1af41","22415329","1746421427","2025-05-05 05:03:47","0x290ca4da2c963dea5ae736469a5b8a53d64d4e6a","0xab96e9ae52351f27ff9ace45ac2cb7083044eb69","","0","0","0","0.000017022","0.0464572935","1820.05","","","0x68747470"
"0x22ff5bd2a392bf8358c5c3d1448aa366ed0763e2a978bcfc30d85aec14d67f18","22415619","1746424919","2025-05-05 06:01:59","0x290ca4da2c963dea5ae736469a5b8a53d64d4e6a","0xab96e9ae52351f27ff9ace45ac2cb7083044eb69","","0","0","0","0.000017022","0.0464572935","1820.05","","","0x68747470"
"0x9041544594d511bd4947497f88750847e07b3be53ba104d702dfb114f754582f","22415897","1746428279","2025-05-05 06:57:59","0x290ca4da2c963dea5ae736469a5b8a53d64d4e6a","0xab96e9ae52351f27ff9ace45ac2cb7083044eb69","","0","0","0","0.000017022","0.0464572935","1820.05","","","0x68747470"
"0x0fc876bfe8d49eb9e20012f225aba5316eb26a165aace4ce8f9f614fcc05fc9a","22416181","1746431687","2025-05-05 07:54:47","0x290ca4da2c963dea5ae736469a5b8a53d64d4e6a","0xab96e9ae52351f27ff9ace45ac2cb7083044eb69","","0","0","0","0.000017022","0.0464572935","1820.05","","","0x68747470"
"0xb2f087ee9f58906ffb4605a6aa76dc148d36715d86314b9df661de33628edcc6","22416472","1746435179","2025-05-05 08:52:59","0x290ca4da2c963dea5ae736469a5b8a53d64d4e6a","0xab96e9ae52351f27ff9ace45ac2cb7083044eb69","","0","0","0","0.000017022","0.0464572935","1820.05","","","0x68747470"
"0xa8f8e3dd1d0e70f5ea4e158afd684d37a77c95c36340f316a59c2a244b769624","22416751","1746438539","2025-05-05 09:48:59","0x290ca4da2c963dea5ae736469a5b8a53d64d4e6a","0xab96e9ae52351f27ff9ace45ac2cb7083044eb69","","0","0","0","0.000017022","0.0464572935","1820.05","","","0x68747470"
"0x4650e352de3aa544f5c8ae141b89785f9c875a5209bf0bc375a9a8c50a2c019e","22417034","1746441959","2025-05-05 10:45:59","0x290ca4da2c963dea5ae736469a5b8a53d64d4e6a","0xab96e9ae52351f27ff9ace45ac2cb7083044eb69","","0","0","0","0.000017022","0.0464572935","1820.05","","","0x68747470"
"0x5f57059659c8e277a6ac2949d3281e60dc075b6195c0b556966069a92babcd6c","22417315","1746445379","2025-05-05 11:42:59","0x290ca4da2c963dea5ae736469a5b8a53d64d4e6a","0xab96e9ae52351f27ff9ace45ac2cb7083044eb69","","0","0","0","0.000017022","0.0464572935","1820.05","","","0x68747470"
"0x302b9a9cdc0405f56829085594fff165088c3b5a0d34a9cc3d0afdc2f0652180","22417601","1746448823","2025-05-05 12:40:23","0x290ca4da2c963dea5ae736469a5b8a53d64d4e6a","0xab96e9ae52351f27ff9ace45ac2cb7083044eb69","","0","0","0","0.000017022","0.0464572935","1820.05","","","0x68747470"
"0xae7a55a9f9eae507cb67f47d61a96d026d3a14073343dc23f8db4e5a17d0d584","22417892","1746452351","2025-05-05 13:39:11","0x290ca4da2c963dea5ae736469a5b8a53d64d4e6a","0xab96e9ae52351f27ff9ace45ac2cb7083044eb69","","0","0","0","0.000017022","0.0464572935","1820.05","","","0x68747470"
"0x3152ca772e680b1e3a5e8f845920a6af08ff50084a7a8ee5b4c33606e68ea1c6","22418757","1746462863","2025-05-05 16:34:23","0x290ca4da2c963dea5ae736469a5b8a53d64d4e6a","0xab96e9ae52351f27ff9ace45ac2cb7083044eb69","","0","0","0","0.000017022","0.0464572935","1820.05","","","0x68747470"
"0x79df523f405cff4f7c80e0162c9338f341e0d4125d478e44d82d32f9bbd4be13","22419042","1746466295","2025-05-05 17:31:35","0x290ca4da2c963dea5ae736469a5b8a53d64d4e6a","0xab96e9ae52351f27ff9ace45ac2cb7083044eb69","","0","0","0","0.000017022","0.0464572935","1820.05","","","0x68747470"
"0xd1e1b3e420ff68765cd501465e559d1905e7bb8aa1ad3bb5ca1198703d046f5c","22419331","1746469799","2025-05-05 18:29:59","0x290ca4da2c963dea5ae736469a5b8a53d64d4e6a","0xab96e9ae52351f27ff9ace45ac2cb7083044eb69","","0","0","0","0.000017022","0.0464572935","1820.05","","","0x68747470"
"0x0d8f81538d4592941400f03bf504ee69da2cfd7f939c3718875b6d9002af7929","22419622","1746473303","2025-05-05 19:28:23","0x290ca4da2c963dea5ae736469a5b8a53d64d4e6a","0xab96e9ae52351f27ff9ace45ac2cb7083044eb69","","0","0","0","0.000017022","0.0464572935","1820.05","","","0x68747470"
"0x61a9b7849615d5e75b2baacc08c9f070d5f75d2c301b2dd472cc221f0eac6640","22419913","1746476855","2025-05-05 20:27:35","0x290ca4da2c963dea5ae736469a5b8a53d64d4e6a","0xab96e9ae52351f27ff9ace45ac2cb7083044eb69","","0","0","0","0.000017022","0.0464572935","1820.05","","","0x68747470"
"0x34bbf1de7ec4cb3cb4de2a8b6672ffc5a3980354b8bfce723fe5130f14ce7a6b","22420200","1746480335","2025-05-05 21:25:35","0x290ca4da2c963dea5ae736469a5b8a53d64d4e6a","0xab96e9ae52351f27ff9ace45ac2cb7083044eb69","","0","0","0","0.000017022","0.0464572935","1820.05","","","0x68747470"
"0x59c19690ef924cad7ce02436554c5afd353931aad5418bf716aa73f6e7baac31","22420509","1746484079","2025-05-05 22:27:59","0x290ca4da2c963dea5ae736469a5b8a53d64d4e6a","0xab96e9ae52351f27ff9ace45ac2cb7083044eb69","","0","0","0","0.000017022","0.0464572935","1820.05","","","0x68747470"
"0x149e1e1e1288c0dd2cb4620aa313707891a56635d90d6e1ffe791691ad6e2348","22420822","1746487859","2025-05-05 23:30:59","0x290ca4da2c963dea5ae736469a5b8a53d64d4e6a","0xab96e9ae52351f27ff9ace45ac2cb7083044eb69","","0","0","0","0.000017022","0.0464572935","1820.05","","","0x68747470"
"0xbbc830de60be2d3c2a0035a9ec93a6d36b9f9c6660518d3fb4461e01a172985a","22547353","1748024891","2025-05-23 18:28:11","0x290ca4da2c963dea5ae736469a5b8a53d64d4e6a","0xab96e9ae52351f27ff9ace45ac2cb7083044eb69","","0","0","0","0.00005296","0.14454108","2526.90","","","0x68747470"
"0x3149eff6b862770abd03d11c3bc54b6c2ddf3df34484a086057b5847429b17f6","22547725","1748029391","2025-05-23 19:43:11","0x290ca4da2c963dea5ae736469a5b8a53d64d4e6a","0xab96e9ae52351f27ff9ace45ac2cb7083044eb69","","0","0","0","0.00005296","0.14454108","2526.90","","","0x68747470"
"0xfcc0adc5967361ebf0c683ab7c246eee3e239938394ea9024c1fa0461145bd3d","22548096","1748033891","2025-05-23 20:58:11","0x290ca4da2c963dea5ae736469a5b8a53d64d4e6a","0xab96e9ae52351f27ff9ace45ac2cb7083044eb69","","0","0","0","0.00005296","0.14454108","2526.90","","","0x68747470"
"0x08275e663bf43d16471b2cde6baad64b3623358e8a3f8a2b69db2d08af14e0a9","22548465","1748038391","2025-05-23 22:13:11","0x290ca4da2c963dea5ae736469a5b8a53d64d4e6a","0xab96e9ae52351f27ff9ace45ac2cb7083044eb69","","0","0","0","0.00005296","0.14454108","2526.90","","","0x68747470"
"0x9e802bf79a370568f09b06fa11e7ba86669539164e5b5d11f4ad0c2b1fdbe01c","22572464","1748328851","2025-05-27 06:54:11","0x18d0230037cbcc426d49687f5ae309aa5b9306f2","0xab96e9ae52351f27ff9ace45ac2cb7083044eb69","","0","0","0","0.0002142","0.58460535","2662.00","","","0x4920616d"
"0xc851332285726924fe1a5d6f2927068b2c362c7c4cde18b5b1ec4f824af41a0d","25063346","1778399855","2026-05-10 07:57:35","0xab96ed5030b10cd1a909ae9d58fcda9a6814eb69","0xab96e9ae52351f27ff9ace45ac2cb7083044eb69","","0.000009161656760939","0","0.0250044517147928","0.000003984173487","0.0108738054893948","2370.89","","","Transfer"
"0x3113c9c0b538e66ebe3d1c21e8e53ab05bd8571123d843354a989bf5ec39c9cd","25082931","1778635763","2026-05-13 01:29:23","0xab96e7f6d642a0571525cf04a144fc6ff124eb69","0xab96e9ae52351f27ff9ace45ac2cb7083044eb69","","0.000008985242270752","0","0.0245229724674499","0.000002463987456","0.006724837764288","2257.90","","","Transfer"
