"Transaction Hash","Blockno","UnixTimestamp","DateTime (UTC)","From","To","ContractAddress","Value_IN(ETH)","Value_OUT(ETH)","CurrentValue @ $2725.8/Eth","TxnFee(ETH)","TxnFee(USD)","Historical $Price/Eth","Status","ErrCode","Method"
"0x729bbcc76f1a090ec4ba21200dfb9363d142da199c45c162b0edb0986430e66b","14989690","1655625567","2022-06-19 07:59:27","0xb5c55f76f90cc528b2609109ca14d8d84593590e","0xd90e2f925da726b50c4ed8d0fb90ad053324f31b","","0","0","0","0.00666901480499076","18.1784005554438","1127.03","","","Withdraw"
"0x433a626851506503ab496c45a24715e5a92a1433bef9c6f02ca22712de0302d9","14995596","1655714360","2022-06-20 08:39:20","0xb5c55f76f90cc528b2609109ca14d8d84593590e","","0x2b13f8e5193fc9f60f7af2ccdc3141176b0b911b","0","0","0","0.019428893864955726","52.9592788970963","1126.99","","","0x60806040"
"0xc2813aaaf3ddcee9445f103fc22c09271e60c82b5c9c99732cf3e7aa9a760a87","14995599","1655714378","2022-06-20 08:39:38","0xb5c55f76f90cc528b2609109ca14d8d84593590e","","0x675bcfc8e89e613d282881730c83fbe0b84c279b","0","0","0","0.005182890422393968","14.1275227133615","1126.99","","","0x60806040"
"0x4552d8fc6771ddaa978f67f8833a117c35c4f1ddd845ba74e5401ac591b1ac2d","14995612","1655714636","2022-06-20 08:43:56","0xb5c55f76f90cc528b2609109ca14d8d84593590e","0xb5c55f76f90cc528b2609109ca14d8d84593590e","","0","0","0","0.00058332771525","1.59003468622845","1126.99","","","Transfer"
"0xcd0819610b693c8c5f8d2e52564c520804fb1ef54f75f6a9383f70964f001474","14995743","1655716740","2022-06-20 09:19:00","0xb5c55f76f90cc528b2609109ca14d8d84593590e","","0xe19a292cb2d42352343b2e8ccf6aeccb274a0398","0","0","0","0.017457438092273118","47.5854847519181","1126.99","","","0x60806040"
"0x838fb8c15592eb3fbf4dd4c776e0f6424f2ee72f7ec91d3fa6c1801e84328f90","14995757","1655716935","2022-06-20 09:22:15","0xb5c55f76f90cc528b2609109ca14d8d84593590e","0x675bcfc8e89e613d282881730c83fbe0b84c279b","","0","0","0","0.073208836455975075","199.552646411697","1126.99","","","0xe9aa1949"
"0xe2b28fdaee60ff54ca048f51c6aa567cbac10fd2ff58d0a1eee01ea594476d68","15049151","1656572696","2022-06-30 07:04:56","0xb5c55f76f90cc528b2609109ca14d8d84593590e","0xbf078be36f3f3070f3bf6c9d36c8b3d320802ce9","","0","0","0","0.08750241000017518","238.514069178478","1069.53","Error(0)","execution reverted","0x37c8f01a"
"0x77939c9108ae41f274913b63b109ae1e554c20ee9a7436606a02a32a461c3c23","15049151","1656572696","2022-06-30 07:04:56","0xb5c55f76f90cc528b2609109ca14d8d84593590e","0xa6470811f08ec68538569b1b933acfed78b5c5bb","","0","0","0","0.00658725603842909","17.95554250955","1069.53","Error(0)","execution reverted","0x37c8f01a"
"0x16a0c880979a87a894e942cec62bc736ffed4d500b0fef46fe4558f31c90a5f4","15080439","1656996338","2022-07-05 04:45:38","0xb5c55f76f90cc528b2609109ca14d8d84593590e","","0xb88189cd5168c4676bd93e9768497155956f8445","0","0","0","0.008481663211545139","23.1193175820297","1131.96","","","0x60806040"
"0x63d404c135dabe1fe83b66111b3dec1c3002490e47e45cc70e4d7ba266a18ff4","15080444","1656996420","2022-07-05 04:47:00","0xb5c55f76f90cc528b2609109ca14d8d84593590e","0x675bcfc8e89e613d282881730c83fbe0b84c279b","","0","0","0","0.03887208992876122","105.957542727817","1131.96","","","0xe9aa1949"
"0x8d2c7f19036267465a90584eabba2d51afbfcfdc278025b7797d5d7066a2bce1","15083086","1657031450","2022-07-05 14:30:50","0xb5c55f76f90cc528b2609109ca14d8d84593590e","0xf57113d8f6ff35747737f026fe0b37d4d7f42777","","0","0.00000000000000466","0.000000000012702228","0.840163000001680326","2290.11630540458","1131.96","Error(0)","execution reverted","0x37c8f01a"
"0xb55a84dff464d193f3a64e49559c959c86cac020522a51d9d7da6534ba0a4315","15084458","1657049412","2022-07-05 19:30:12","0xb5c55f76f90cc528b2609109ca14d8d84593590e","0xf57113d8f6ff35747737f026fe0b37d4d7f42777","","0","0.00000000000000466","0.000000000012702228","0.098563000000197126","268.663025400537","1131.96","Error(0)","execution reverted","0x37c8f01a"
"0x00a0288d39efdf79108dc7936972dad5771c4653ff93ea44e8710f55991ae528","15086430","1657076319","2022-07-06 02:58:39","0xb5c55f76f90cc528b2609109ca14d8d84593590e","0xf57113d8f6ff35747737f026fe0b37d4d7f42777","","0","0.00000000000000932","0.000000000025404456","1.370309000002740618","3735.18827220747","1185.41","Error(0)","execution reverted","0x37c8f01a"
"0x436778c4e2658c3e64768d04477d883bec45f1df806bf74824f24218f30cbb32","15086519","1657077375","2022-07-06 03:16:15","0xb5c55f76f90cc528b2609109ca14d8d84593590e","0xf57113d8f6ff35747737f026fe0b37d4d7f42777","","0","0.00000000000000466","0.000000000012702228","2.757537646468269696","7516.49611674321","1185.41","Error(0)","execution reverted","0x37c8f01a"
"0xdc20c9feba0ea7b0c351ba6070d2c0f637db2f157b3dc276e5c3a9b87798f8a8","15119539","1657518221","2022-07-11 05:43:41","0xb5c55f76f90cc528b2609109ca14d8d84593590e","0xf164ce5450e9362e269e9efbdbb11841744c03b2","","0","0.39900000000000466","1087.59420000001","0.337802058706759632","920.780851622885","1095.67","Error(0)","execution reverted","0x37c8f01a"
"0x497e6ad285bd85551a1b2dbeb4e9504bb10ff11f8e0325166e7e5241ee69b82a","15119641","1657519534","2022-07-11 06:05:34","0x56d8b635a7c88fd1104d23d632af40c1c3aac4e3","0xb5c55f76f90cc528b2609109ca14d8d84593590e","","20","0","54516","0.000255293812998","0.695879875469948","1095.67","","","Transfer"
"0x6e6460d345765bba5471c0552f3f680d05731694c81e8907129a2446cd4192b4","15125465","1657596898","2022-07-12 03:34:58","0xb5c55f76f90cc528b2609109ca14d8d84593590e","0x0d683079d989294c7990d3858e7f16571d6e8c23","","0","0.49800000000000932","1357.44840000003","0.510010612227423252","1390.18692680951","1037.37","Error(0)","execution reverted","0x37c8f01a"
"0x1a49ce0cb4cd578ce10af771b42beb54d59ae465457ac9cce18f50fb7d57bd3e","15129296","1657648113","2022-07-12 17:48:33","0xb5c55f76f90cc528b2609109ca14d8d84593590e","0xf57113d8f6ff35747737f026fe0b37d4d7f42777","","0","0.00000000000000466","0.000000000012702228","1.522120567444908648","4148.99624274133","1037.37","Error(0)","execution reverted","0x37c8f01a"
"0x29c95e241024e91e31a6af037875d599826cdf989fa5242d023e49700f7772c1","15154734","1657988090","2022-07-16 16:14:50","0xb5c55f76f90cc528b2609109ca14d8d84593590e","0x0db09d04d33539e3366de2591e920eba71edc879","","0","0.00000000000000466","0.000000000012702228","8.374438514359746288","22827.0445024418","1356.31","Error(0)","execution reverted","0x37c8f01a"
"0xa8b0aa42bfa2c142e6b4fb488e1d50c376ffd82b15329a67fdcba202b5f768e0","15154740","1657988125","2022-07-16 16:15:25","0xb5c55f76f90cc528b2609109ca14d8d84593590e","0xf57113d8f6ff35747737f026fe0b37d4d7f42777","","0","0.00000000000000466","0.000000000012702228","5.545989224585740575","15117.2574283758","1356.31","Error(1)","execution reverted","0x37c8f01a"
"0x1b68af364fdbf0db58da14de9c1268b728bc8975abc439ccc68c8b7839ea5479","15179148","1658315811","2022-07-20 11:16:51","0xb5c55f76f90cc528b2609109ca14d8d84593590e","0xb5c55f76f90cc528b2609109ca14d8d84593590e","","0","0","0","0.001944436847073","5.30014595775158","1521.72","","","Transfer"
"0x307303eb74c2ff47b7edbabf348da07946f32617a21d4b1df2c8cdabd9f62c1b","15185179","1658396631","2022-07-21 09:43:51","0xb5c55f76f90cc528b2609109ca14d8d84593590e","","0x01f42cabd10c17baee94b36964510e2d784fa786","0","0","0","0.0074529","20.31511482","1575.68","","","0x60806040"
"0xe798d825ac7f25736ec15116fc74bfd25fc942126de1bd68c9972bf4a9826cfd","15185202","1658397050","2022-07-21 09:50:50","0xb5c55f76f90cc528b2609109ca14d8d84593590e","0x68b3465833fb72a70ecdf485e0e4c7bd8665fc45","","0","0","0","0.002937540183699385","8.00714703272778","1575.68","","","Multicall"
"0xaa01f9eae9bd7c5e04f490de1635dbf05c2b43b7d07d28bc2f6a4a0f809b0cdb","15190102","1658461868","2022-07-22 03:51:08","0xb5c55f76f90cc528b2609109ca14d8d84593590e","0xf57113d8f6ff35747737f026fe0b37d4d7f42777","","0","0.00000000000000466","0.000000000012702228","5.975880078303350267","16289.0539174393","1535.71","Error(0)","execution reverted","0x37c8f01a"
"0xf3215f9f14b753d472bce85e2b5ba6dbd3924c369995bfe1ad5e0cea31ffb5cc","15233205","1659041006","2022-07-28 20:43:26","0xb5c55f76f90cc528b2609109ca14d8d84593590e","0x0d683079d989294c7990d3858e7f16571d6e8c23","","0","0.00000000000000932","0.000000000025404456","4.383568000008767136","11948.7296544239","1725.82","Error(0)","execution reverted","0x37c8f01a"
"0xd978e0672c707eb70d9d3cfeb3ce647fa1cfd76bd2dc629f2bb41bc7bb0bb82f","15253633","1659316721","2022-08-01 01:18:41","0xb5c55f76f90cc528b2609109ca14d8d84593590e","0xf164ce5450e9362e269e9efbdbb11841744c03b2","","0","0.20000000000000466","545.160000000013","0.321317197986609584","875.8464182719","1630.62","Error(0)","execution reverted","0x37c8f01a"
"0xb1fe26cc8892f58eb468f5208baaf38bac422b5752cca0b9c8a871855d63ae28","15259101","1659389551","2022-08-01 21:32:31","0xb5c55f76f90cc528b2609109ca14d8d84593590e","0x5d94309e5a0090b165fa4181519701637b6daeba","","0","0","0","2.875519668777520622","7838.09151315377","1630.62","","","Process"
"0x768571e25376d449564792e41af726b548ce69638b2f8579304b91e9b1c5f9b1","15259103","1659389579","2022-08-01 21:32:59","0xb5c55f76f90cc528b2609109ca14d8d84593590e","0x0db09d04d33539e3366de2591e920eba71edc879","","0","0.00000000000000466","0.000000000012702228","215.881231529184168417","588449.06090225","1630.62","Error(0)","execution reverted","0x37c8f01a"
"0x5c5f3325d212b8e0863c76995b5aa54aaf22723c3fbd68b38f33b1309c8b16bd","15259155","1659390389","2022-08-01 21:46:29","0xb5c55f76f90cc528b2609109ca14d8d84593590e","0x5d94309e5a0090b165fa4181519701637b6daeba","","0","0","0","0.216680571348676512","590.627901382222","1630.62","","","Process"
"0x8c475bff9d0d2f459a603a34c6cdb0a60406fbb8d46c2abbc165b64d9e5997f2","15259200","1659390959","2022-08-01 21:55:59","0xb5c55f76f90cc528b2609109ca14d8d84593590e","0x0db09d04d33539e3366de2591e920eba71edc879","","0","0.00000000000000466","0.000000000012702228","1.21175179846600563","3302.99305225864","1630.62","","","0x37c8f01a"
"0x39b107d43d88f1120e4310818c6c1e797125cf202faa299b81c8714e5c3d6691","15259303","1659392537","2022-08-01 22:22:17","0xb5c55f76f90cc528b2609109ca14d8d84593590e","0x5d94309e5a0090b165fa4181519701637b6daeba","","0","0","0","0.206676467004781746","563.358713761634","1630.62","","","Process"
"0x8183fe98f81deb8aa3704f62fc87fe530b57426b31e11a9db810d83bfcd317bd","15259332","1659392880","2022-08-01 22:28:00","0xb5c55f76f90cc528b2609109ca14d8d84593590e","0x5d94309e5a0090b165fa4181519701637b6daeba","","0","0","0","0.17308162533267144","471.785894331796","1630.62","Error(0)","execution reverted","Process"
"0xc4938e6f6368061194d076d44f73a8cae3a318b1ee7cf8b026abe10b7c206c2a","15259358","1659393162","2022-08-01 22:32:42","0xb5c55f76f90cc528b2609109ca14d8d84593590e","0xf57113d8f6ff35747737f026fe0b37d4d7f42777","","0","0.00000000000000466","0.000000000012702228","0.023215066185483078","63.2796274083898","1630.62","","","0x37c8f01a"
"0x696f33c5a1597d2c8529f5b45d49097a825a11f0a8b7226602f0a29b2384352a","15259367","1659393318","2022-08-01 22:35:18","0xb5c55f76f90cc528b2609109ca14d8d84593590e","0x5d94309e5a0090b165fa4181519701637b6daeba","","0","0","0","0.163834337887540582","446.579638213858","1630.62","","","Process"
"0x8b0a9d65137bebf2d2e4efd5919ed0f3ddeb1e37ec6f377590f8356f8bfbf321","15259379","1659393503","2022-08-01 22:38:23","0xb5c55f76f90cc528b2609109ca14d8d84593590e","0x0db09d04d33539e3366de2591e920eba71edc879","","0","0.00000000000000466","0.000000000012702228","0.283977000000567954","774.064506601548","1630.62","Error(0)","execution reverted","0x37c8f01a"
"0xfd8e6bad22affe5461ac78f316be782ad28bb975ff6f0942bbb983bb4a5f2a0b","15259387","1659393587","2022-08-01 22:39:47","0xb5c55f76f90cc528b2609109ca14d8d84593590e","0x0db09d04d33539e3366de2591e920eba71edc879","","0","0.00000000000000466","0.000000000012702228","0.218077599001455072","594.435919358166","1630.62","","","0x37c8f01a"
"0x84566b22a1389888f287be27b7cc073e25e9087133d29e1752e3d0ab16ce03ec","15259397","1659393765","2022-08-01 22:42:45","0xb5c55f76f90cc528b2609109ca14d8d84593590e","0x5d94309e5a0090b165fa4181519701637b6daeba","","0","0","0","0.02116477935610088","57.6909555688598","1630.62","","","Process"
"0xfb8f1dd1593995a7cb3d59c74e08b65a435b0147abfea4259fe4ca55736b2ba4","15259403","1659393799","2022-08-01 22:43:19","0xb5c55f76f90cc528b2609109ca14d8d84593590e","0xf57113d8f6ff35747737f026fe0b37d4d7f42777","","0","0.00000000000000466","0.000000000012702228","2.942657108451436896","8021.09474621693","1630.62","Error(0)","execution reverted","0x37c8f01a"
"0x5bc5b943cfc0688cb1686cac7ed279fd0a8e0741acb3c88b2ca781304359c20c","15259415","1659393901","2022-08-01 22:45:01","0xb5c55f76f90cc528b2609109ca14d8d84593590e","0x5d94309e5a0090b165fa4181519701637b6daeba","","0","0","0","0.03386513739084542","92.3095914999665","1630.62","","","Process"
"0x409ec37dca7f9780304e10e5cea7c137b9e1a76908e06b8eca34bcc95ac03c8b","15259423","1659393957","2022-08-01 22:45:57","0xb5c55f76f90cc528b2609109ca14d8d84593590e","0x5d94309e5a0090b165fa4181519701637b6daeba","","0","0","0","0.127993856740110592","348.885654702194","1630.62","","","Process"
"0x012babf0b93ec48bf046b138ade1ab788df65a7fae72163d41e1fb539021f868","15259432","1659394062","2022-08-01 22:47:42","0xb5c55f76f90cc528b2609109ca14d8d84593590e","0x5d94309e5a0090b165fa4181519701637b6daeba","","0","0","0","0.05238349195652496","142.786922375096","1630.62","","","Process"
"0x1090e4f8450a90f7a18404225c66dd3ed4908c63e73865e1925ea88274ab7c90","15259434","1659394078","2022-08-01 22:47:58","0xb5c55f76f90cc528b2609109ca14d8d84593590e","0x0db09d04d33539e3366de2591e920eba71edc879","","0","0.00000000000000466","0.000000000012702228","19.341993907472193066","52722.4069929877","1630.62","Error(0)","execution reverted","0x37c8f01a"
"0xdcb81fd2935e2cfa576bf9a6be42e1c490777e6cb7c625714953563abc95b452","15259440","1659394139","2022-08-01 22:48:59","0xb5c55f76f90cc528b2609109ca14d8d84593590e","0x0db09d04d33539e3366de2591e920eba71edc879","","0","0.00000000000000466","0.000000000012702228","0.188968041203527221","515.089086712574","1630.62","","","0x37c8f01a"
"0x0dd9ce4b22b84bf183e183c58af7ee212daca654753585effb1dc3543e46d3ab","15259448","1659394215","2022-08-01 22:50:15","0xb5c55f76f90cc528b2609109ca14d8d84593590e","0x5d94309e5a0090b165fa4181519701637b6daeba","","0","0","0","0.18250620000032884","497.475399960896","1630.62","","","Process"
"0xdf6bef0d8dee8b44863ac61092a711b877dcfe3d61da93d7289e0c6285af1b45","15259451","1659394272","2022-08-01 22:51:12","0xb5c55f76f90cc528b2609109ca14d8d84593590e","0xf57113d8f6ff35747737f026fe0b37d4d7f42777","","0","0.00000000000000466","0.000000000012702228","0.062299268586578715","169.815346313296","1630.62","","","0x37c8f01a"
"0x78bbed769d64faa6351c6b4544b6f456e5b0ccddfdd89e0d18235b2f512d944c","15259456","1659394314","2022-08-01 22:51:54","0xb5c55f76f90cc528b2609109ca14d8d84593590e","0xf57113d8f6ff35747737f026fe0b37d4d7f42777","","0","0.00000000000000466","0.000000000012702228","0.169925391992351034","463.18263349275","1630.62","Error(0)","execution reverted","0x37c8f01a"
"0x2f37c8c7643d5bdaccf1a85dfe6225d329b8be35e62b7ab4f9e1f4ebb136415d","15259459","1659394358","2022-08-01 22:52:38","0xb5c55f76f90cc528b2609109ca14d8d84593590e","0xf57113d8f6ff35747737f026fe0b37d4d7f42777","","0","0.00000000000000466","0.000000000012702228","0.249942030000450346","681.291985375228","1630.62","Error(0)","execution reverted","0x37c8f01a"
"0x67acbd0fdda55d7014f3cb812d9bd03bb139dd4f9b7d412a4770b7aafab4bd62","15259461","1659394408","2022-08-01 22:53:28","0xb5c55f76f90cc528b2609109ca14d8d84593590e","0x0db09d04d33539e3366de2591e920eba71edc879","","0","0.07548763479839996","205.764194933479","0.411663613080159335","1122.1126765339","1630.62","Error(0)","execution reverted","0x37c8f01a"
"0x0c1cdba855f8d3ed572ee23332b971bd1084ac8132e1f0e266edaf0f281b36d0","15259463","1659394448","2022-08-01 22:54:08","0xb5c55f76f90cc528b2609109ca14d8d84593590e","0x0d683079d989294c7990d3858e7f16571d6e8c23","","0","0.00000000000005126","0.000000000139724508","2.273448000004546896","6196.96455841239","1630.62","Error(1)","execution reverted","0x37c8f01a"
"0xf291df018585dea41afa359fbc2c4e2ad991d3893f9e13137191935279c6cb1f","15259464","1659394485","2022-08-01 22:54:45","0xb5c55f76f90cc528b2609109ca14d8d84593590e","0x5d94309e5a0090b165fa4181519701637b6daeba","","0","0","0","0.050332200000335548","137.195510760915","1630.62","","","Process"
"0x0888baf742fa565d9a148f81bfeac1132a729193d7aa0f7e33a0ce6d2bc62a21","15259467","1659394568","2022-08-01 22:56:08","0x81a93426b523868d66ba2ccf24244f6b94395012","0xb5c55f76f90cc528b2609109ca14d8d84593590e","","0","0","0","0.00046124602196008","1.25726440665879","1630.62","","","0x6b656570"
"0x136aa1321374b6623b028a50f5cb9b6246d8645339f3ee0aff1ba9af88c9e27e","15259479","1659394682","2022-08-01 22:58:02","0xb5c55f76f90cc528b2609109ca14d8d84593590e","0x5d94309e5a0090b165fa4181519701637b6daeba","","0","0","0","0.17029000000034058","464.176482000928","1630.62","","","Process"
"0x34d7674ea9877c24163fa42421b2a59bdd162bf090f4b156924417067aa6492b","15259489","1659394800","2022-08-01 23:00:00","0xb5c55f76f90cc528b2609109ca14d8d84593590e","0x0db09d04d33539e3366de2591e920eba71edc879","","0","0.07980752299237026","217.539346172603","0.204773473898004391","558.17153515118","1630.62","Error(0)","execution reverted","0x37c8f01a"
"0x187cefea5d00eaaeefc6481395153a2ac3c726853f4e9ca4f9599c5e5174fb0d","15259493","1659394837","2022-08-01 23:00:37","0xb5c55f76f90cc528b2609109ca14d8d84593590e","0xf57113d8f6ff35747737f026fe0b37d4d7f42777","","0","0.00000000000000466","0.000000000012702228","2.059246020522967864","5613.09280274151","1630.62","Error(0)","execution reverted","0x37c8f01a"
"0x89abef1254e120cd4091360747079ac8854cb15305e5f68fcab24aa31147f299","15259496","1659394863","2022-08-01 23:01:03","0xb5c55f76f90cc528b2609109ca14d8d84593590e","0xf57113d8f6ff35747737f026fe0b37d4d7f42777","","0","0.00000000000000466","0.000000000012702228","28.930343279081425636","78858.3297101202","1630.62","Error(0)","execution reverted","0x37c8f01a"
"0xa945409617b211043e010ff7da8f00fa4cbaf0269368863a3048dad9a1164041","15259500","1659394910","2022-08-01 23:01:50","0xb5c55f76f90cc528b2609109ca14d8d84593590e","0x0db09d04d33539e3366de2591e920eba71edc879","","0","0.08096083988381426","220.683057355301","1.410576089093964806","3844.94830365233","1630.62","Error(0)","execution reverted","0x37c8f01a"
"0x1202ca37b18d9703ef732f0713501a0b7a35f744266654696bf962ce60ded063","15259501","1659394924","2022-08-01 23:02:04","0xb5c55f76f90cc528b2609109ca14d8d84593590e","0x5d94309e5a0090b165fa4181519701637b6daeba","","0","0","0","0.2414266280513231","658.080702742296","1630.62","Error(0)","execution reverted","Process"
"0x5a68098c451bc56a31030d46013f24e4f834befc737b641aeea8476fc0a4887a","15259503","1659394994","2022-08-01 23:03:14","0xb5c55f76f90cc528b2609109ca14d8d84593590e","0x0db09d04d33539e3366de2591e920eba71edc879","","0","0.00000000000000466","0.000000000012702228","22.420782924352542756","61114.5700952002","1630.62","Error(0)","execution reverted","0x37c8f01a"
"0xe13dae8b8e10c4bc25fe1b7c1f6d2b47e380d4ba97d6fd79cda8515e8d08138e","15259508","1659395084","2022-08-01 23:04:44","0xb5c55f76f90cc528b2609109ca14d8d84593590e","0x5d94309e5a0090b165fa4181519701637b6daeba","","0","0","0","0.747414017804701104","2037.30112973205","1630.62","","","Process"
"0x3541bad824ba2262e3a45e789882feac3c712fcbfb6ae88b90fa51084690e39e","15259513","1659395165","2022-08-01 23:06:05","0x7f4af6936e2054b300e88c3560ed920e2476c75e","0xb5c55f76f90cc528b2609109ca14d8d84593590e","","0","0","0","0.000577634402058","1.5745158531297","1630.62","","","Transfer"
"0x26c03dc77e895d22b00fbd6d3da5fd1b04dddf9b4ed27c78b510584f64610c01","15259517","1659395216","2022-08-01 23:06:56","0xb5c55f76f90cc528b2609109ca14d8d84593590e","0x0db09d04d33539e3366de2591e920eba71edc879","","0","0.00000000000000466","0.000000000012702228","0.403676128069906682","1100.34038989295","1630.62","Error(0)","execution reverted","0x37c8f01a"
"0x981c5019f65c211d533a334183462ecbc8ee642a5e1d69c5c6d28c87eecd5d30","15259518","1659395230","2022-08-01 23:07:10","0xb5c55f76f90cc528b2609109ca14d8d84593590e","0x5d94309e5a0090b165fa4181519701637b6daeba","","0","0","0","0.167707000000335414","457.135740600914","1630.62","","","Process"
"0x1344d628d963ba34e8df821f416f2d472208d5c545cff3f7cffed259a74dede1","15259521","1659395290","2022-08-01 23:08:10","0xb5c55f76f90cc528b2609109ca14d8d84593590e","0x17eee115492507e40039f1b19d6ff93f33bbadc1","","0","0.00000000000005126","0.000000000139724508","2.78696500000557393","7596.70919701519","1630.62","","","0x37c8f01a"
"0x0f8e32acbecae417178bb74f4082768b2c6771cf84ae87032fcd61eae748602c","15259536","1659395462","2022-08-01 23:11:02","0xb5c55f76f90cc528b2609109ca14d8d84593590e","0x0db09d04d33539e3366de2591e920eba71edc879","","0","0.00000000000000466","0.000000000012702228","0.264588000000529176","721.213970401442","1630.62","","","0x37c8f01a"
"0x17bcc1450f7cd89a48f92f2c45662ab33829e8332f5a11f4baffc2117efb9c69","15259550","1659395633","2022-08-01 23:13:53","0xb5c55f76f90cc528b2609109ca14d8d84593590e","0x5d94309e5a0090b165fa4181519701637b6daeba","","0","0","0","0.150607000000301214","410.524560600821","1630.62","","","Process"
"0xef91b1f8f63e1df6fe3f96f19cf76f771e691f4b1985dc195a837a8f9067f811","15259559","1659395796","2022-08-01 23:16:36","0xb5c55f76f90cc528b2609109ca14d8d84593590e","0x5d94309e5a0090b165fa4181519701637b6daeba","","0","0","0","0.045355507791031266","123.630043136793","1630.62","","","Process"
"0x00dc5d31bcba8f602c9522f03ad00184658636482d1ecc5ee66c96bc9e0e43ed","15259577","1659395876","2022-08-01 23:17:56","0xb5c55f76f90cc528b2609109ca14d8d84593590e","0x5d94309e5a0090b165fa4181519701637b6daeba","","0","0","0","0.93595205168039107","2551.21810247041","1630.62","","","Process"
"0xe73f3bc5f275959fe8c1c8074e2225631edcbd61aa3bd511d5d08109b31f6936","15259582","1659395930","2022-08-01 23:18:50","0xb5c55f76f90cc528b2609109ca14d8d84593590e","0x5d94309e5a0090b165fa4181519701637b6daeba","","0","0","0","0.526044472594268021","1433.89202339746","1630.62","","","Process"
"0x7997e2aaba13997011758e1de66d723fe1553c07c7225cd952c0d60b2fe7a38c","15259587","1659395974","2022-08-01 23:19:34","0xb5c55f76f90cc528b2609109ca14d8d84593590e","0x5bae47bf29f4e9b1e275c0b427b84c4daa30033a","","0","0","0","0.169694073652563123","462.552105962157","1630.62","","","Process"
"0xc8727036bc2b6fe5645480655c63b86357812e3c16525bb1d4e5e2e2ffec4ee6","15259589","1659396024","2022-08-01 23:20:24","0xb5c55f76f90cc528b2609109ca14d8d84593590e","0x5d94309e5a0090b165fa4181519701637b6daeba","","0","0","0","0.301214000000301214","821.049121200821","1630.62","","","Process"
"0xe1ab2a8429445fb112430f46a23817ea9fcf87b86df7b4ca1602fff8ac1379d7","15259591","1659396087","2022-08-01 23:21:27","0xb5c55f76f90cc528b2609109ca14d8d84593590e","0x5d94309e5a0090b165fa4181519701637b6daeba","","0","0","0","0.150619000000301238","410.557270200821","1630.62","","","Process"
"0x57780a1a3f07f12fe4c2993ee878edff20ead17cb4bb0c4b63ed28a0904c4850","15259592","1659396146","2022-08-01 23:22:26","0xb5c55f76f90cc528b2609109ca14d8d84593590e","0x0db09d04d33539e3366de2591e920eba71edc879","","0","0.00000000000000466","0.000000000012702228","0.162807000000325614","443.779320600888","1630.62","Error(0)","execution reverted","0x37c8f01a"
"0x7fb7a824c974365ebe611489300e87c5fc693f09a7b82e5e748663ff13f4631b","15259595","1659396200","2022-08-01 23:23:20","0xb5c55f76f90cc528b2609109ca14d8d84593590e","0x5d94309e5a0090b165fa4181519701637b6daeba","","0","0","0","0.150607000000602428","410.524560601642","1630.62","","","Process"
"0x3dbed4a1ebb2289273370ce0ef10302882927abe946299cf2ca3073f1a3dcdd9","15259601","1659396320","2022-08-01 23:25:20","0xb5c55f76f90cc528b2609109ca14d8d84593590e","0xf57113d8f6ff35747737f026fe0b37d4d7f42777","","0","0.00000000000000466","0.000000000012702228","0.084019008001513856","229.019012010526","1630.62","","","0x37c8f01a"
"0x6514a52a52978e482b7115850ede39656fb1175a38f8317bf55ef9c98ce2712b","15259603","1659396403","2022-08-01 23:26:43","0xb5c55f76f90cc528b2609109ca14d8d84593590e","0x5d94309e5a0090b165fa4181519701637b6daeba","","0","0","0","1.334164443364187376","3636.6654397221","1630.62","","","Process"
"0x2e4a05574392ca045e50e91133c1549e3a51c3fe85238440b502297799af9797","15259604","1659396411","2022-08-01 23:26:51","0xb5c55f76f90cc528b2609109ca14d8d84593590e","0x5d94309e5a0090b165fa4181519701637b6daeba","","0","0","0","0.24956500000049913","680.264277001361","1630.62","","","Process"
"0x0955055ee7860c82acd64ca4e1fbf2f2a42f4fd8bb9899f0059360d316637e57","15259619","1659396634","2022-08-01 23:30:34","0xb5c55f76f90cc528b2609109ca14d8d84593590e","0x5d94309e5a0090b165fa4181519701637b6daeba","","0","0","0","0.287458256997420374","783.553716923569","1630.62","Error(0)","execution reverted","Process"
"0x61ab42b984a7858cf4f247ade1021358f6396ae973ff6fe3ed5d88776fe8559a","15259635","1659396848","2022-08-01 23:34:08","0xb5c55f76f90cc528b2609109ca14d8d84593590e","0x5d94309e5a0090b165fa4181519701637b6daeba","","0","0","0","0.03585500000007171","97.7335590001955","1630.62","Error(0)","execution reverted","Process"
"0xe13b4aaf1a9d59648511ceada9117f82a08f78feded70049c7a3a07891810397","15259641","1659396913","2022-08-01 23:35:13","0xb5c55f76f90cc528b2609109ca14d8d84593590e","0xa0b86991c6218b36c1d19d4a2e9eb0ce3606eb48","","0","0","0","0.00076754157808639","2.09216483354788","1630.62","","","Approve"
"0x84b1e25b35d4aec7d169af1fef1e2ee9696570329d29f7863f0cb4c0d8b131b7","15259645","1659396967","2022-08-01 23:36:07","0xb5c55f76f90cc528b2609109ca14d8d84593590e","0xf57113d8f6ff35747737f026fe0b37d4d7f42777","","0","0.00000000000000466","0.000000000012702228","0.572183470313624376","1559.65770338088","1630.62","Error(0)","execution reverted","0x37c8f01a"
"0x9936849c763823c1a572598613bbceefb096e1931805cf4243ce74abae359623","15259651","1659396993","2022-08-01 23:36:33","0xb5c55f76f90cc528b2609109ca14d8d84593590e","0xbebc44782c7db0a1a60cb6fe97d0b483032ff1c7","","0","0","0","0.00117663788537567","3.207279547957","1630.62","","","Exchange"
"0x3fb0ff33a6a4982ffab84d837b043b4a9cbc2c3ef518207db1f3f9e2a3ff2bfc","15259659","1659397072","2022-08-01 23:37:52","0xb5c55f76f90cc528b2609109ca14d8d84593590e","0x853d955acef822db058eb8505911ed77f175b99e","","0","0","0","0.00043000388400039","1.17210458700826","1630.62","","","Approve"
"0xc5660aef6ffe801b1fdf3556ded764245311c2fddd1217960c14ae441e6231a8","15259660","1659397088","2022-08-01 23:38:08","0xb5c55f76f90cc528b2609109ca14d8d84593590e","0xd632f22692fac7611d2aa1c0d552930d43caed3b","","0","0","0","0.00223747590791088","6.09891182978348","1630.62","","","Exchange_underlying"
"0x867757f0931414e7c200d9b41798a1ffa0559f164d4b0117e2661639530a3751","15259973","1659401247","2022-08-02 00:47:27","0x6e6d61a9b0293b014ed2438ee37b05a2ae1b94b6","0xb5c55f76f90cc528b2609109ca14d8d84593590e","","0","0","0","0.0005635077488904","1.53600942192545","1631.11","","","0x73657220"
"0xc4eae2c64f9dd615c9e94179b46defb6f3697d99d9a15adda31bcd0583d1726b","15261131","1659416906","2022-08-02 05:08:26","0xa1ed36fe9e4a32737472ea0dd632825e73cb2943","0xb5c55f76f90cc528b2609109ca14d8d84593590e","","0.00001","0","0.027258","0.000150136","0.4092407088","1631.11","","","0x49276d20"
"0x7a5db125287bd1e79f5ec3223b0055ab266f2fc102136635a3841aeb58d6b728","15261440","1659421229","2022-08-02 06:20:29","0x7224b2cc5492f3e9f53764c6e851c619e24cafdc","0xb5c55f76f90cc528b2609109ca14d8d84593590e","","0.00001","0","0.027258","0.000105557678709","0.287729120624992","1631.11","","","Transfer"
"0xc97c958e5217954daf7a254e8b9eda0b1853104de3ecedc76632d4598756d91c","15262080","1659430075","2022-08-02 08:47:55","0x673477e1438a0e09ba16e2c56f8a701c3317942c","0xb5c55f76f90cc528b2609109ca14d8d84593590e","","0","0","0","0.000206391188541176","0.562581101725538","1631.11","","","0x44656172"
"0x3331f62adc324164aaa638e248100f5c1970ef96f25317b20c9c420564df54cb","15266904","1659494692","2022-08-03 02:44:52","0xb2c3a8fe0309a405c90a9f521bb33e3e30cf919e","0xb5c55f76f90cc528b2609109ca14d8d84593590e","","0.000001","0","0.0027258","0.000322023815953824","0.877772517526934","1618.68","","","0x6d6f6f6e"
"0xb5fb81d55d6a628304d40eece570cd5853db8fc37705c60112cdf020d483c20e","15275508","1659611073","2022-08-04 11:04:33","0x94a82e323a8c87dbeb6d474a60a09a9635bbf154","0xb5c55f76f90cc528b2609109ca14d8d84593590e","","0","0","0","0.00016204","0.441688632","1607.96","","","0x4e6f6d61"
"0x7fbeb7f4655ccb733d2f3d3c9d2f6ac27d067ceffc8acf50374fc9d6a43df9c6","15276103","1659619071","2022-08-04 13:17:51","0x7d056d4bfbf13f27adedf610671b276ae717dfa4","0xb5c55f76f90cc528b2609109ca14d8d84593590e","","0","0","0","0.000398582615406424","1.08645649307483","1607.96","","","0x646f6e27"
"0x296de1d237cdcceef2b0ce40902bb4ff4e7dd591c9f6430686a16505b3b67366","15276432","1659623396","2022-08-04 14:29:56","0xe03e6e551a9dfa93b96adc4eff3c5ad26cd7edf1","0xb5c55f76f90cc528b2609109ca14d8d84593590e","","0.0000001","0","0.00027258","0.00048307490348088","1.31676557190818","1607.96","","","0x48657920"
"0x3a37f5129dd4f796c89b93629a7d06e8633e27848fb50b419d058846b57541f2","15281031","1659685372","2022-08-05 07:42:52","0x0346562bcf427797cce8e3a2ba12808240c6d644","0xb5c55f76f90cc528b2609109ca14d8d84593590e","","0","0","0","0.000470973960240624","1.28378082082389","1736.78","","","0x4e6f6d61"
"0x041c8dfb080e4578b1edb40b51468b9b440fe9abcbc2ffe5ccd9f06d33b92373","15294798","1659870469","2022-08-07 11:07:49","0x61229c4a3e31f1f65ce426acb10f699c6d177968","0xb5c55f76f90cc528b2609109ca14d8d84593590e","","0","0","0","0.000168129129119832","0.458286380154838","1700.54","","","0x4e6f6d61"
"0x6ed49c5f2257f764b1a6c20ecc55f62578127acf8f2ef2eda711caf4720edd26","15303523","1659987842","2022-08-08 19:44:02","0xc2cad8f49cf18475b6893acb209ee4884e7fc2a8","0xb5c55f76f90cc528b2609109ca14d8d84593590e","","0","0","0","0.000583037923130064","1.58924477086793","1777.99","","","0x48656c6c"
"0xc522265e4b827b72e2daba5ac8711dac2216d826f057493fa7629ea7d6de4422","15403376","1661350355","2022-08-24 14:12:35","0xb5c55f76f90cc528b2609109ca14d8d84593590e","0xc02aaa39b223fe8d0a0e5c4f27ead9083c756cc2","","0","0","0","0.000699568","1.9068824544","1656.52","","","Withdraw"
"0xc98e586f49bbedeebd9809d582fb3f8d2ac89df08f60326bde54b4ddd79a53e6","15403384","1661350439","2022-08-24 14:13:59","0xb5c55f76f90cc528b2609109ca14d8d84593590e","0xab96e9ae52351f27ff9ace45ac2cb7083044eb69","","0","1110.9","3028091.22","0.000525","1.431045","1656.52","","","Transfer"
"0x8a43d2aa015eb6bc24bdf541915f1e0d193c6ba1208c70d1d003efce399c9f4f","15403397","1661350591","2022-08-24 14:16:31","0xb5c55f76f90cc528b2609109ca14d8d84593590e","0x6b175474e89094c44da98b954eedeac495271d0f","","0","0","0","0.000847188","2.3092650504","1656.52","","","Transfer"
"0xffd3bc46060c2fc5b211bb191da3009aa25a4ab487e5d5498dbf3b35a8d4bd18","15403403","1661350701","2022-08-24 14:18:21","0xb5c55f76f90cc528b2609109ca14d8d84593590e","0x2260fac5e5542a773aa44fbcfedf7c193bc2c599","","0","0","0","0.000892998","2.4341339484","1656.52","","","Transfer"
"0x78690cb57a8d3432f46e7fd6dfdd1dce6e816b5e6b36c27c1c4bf17f66947f3a","15403525","1661352594","2022-08-24 14:49:54","0xf30798bb33ecc64e696a7f73ae72c023f5f10522","0xb5c55f76f90cc528b2609109ca14d8d84593590e","","0","0","0","0.000376553026801168","1.02640824045462","1656.52","","","0x506c6561"
"0x387cf5e8eee54bd24513eeded2e5cd82d8f825535eacf6060f938860c0e6cb7b","16895940","1679643683","2023-03-24 07:41:23","0xfa24ea2318dbc719b9d1a0d8eb7f282255c5bde0","0xb5c55f76f90cc528b2609109ca14d8d84593590e","","0.000001","0","0.0027258","0.000495144305093768","1.34966434682459","1751.74","","","0x48656c6c"
"0x4ba3fac086bd3f3cc8176db406f3b85ba72a4b27a1c5d9cf8dbb022d93759f0e","16895945","1679643743","2023-03-24 07:42:23","0xfa24ea2318dbc719b9d1a0d8eb7f282255c5bde0","0xb5c55f76f90cc528b2609109ca14d8d84593590e","","0.000001","0","0.0027258","0.000510601427759632","1.39179737178721","1751.74","","","0x48656c6c"
