Blockno,DateTime (UTC),Parent Transaction Hash,Status,Type,From,From_Nametag,To,To_Nametag,Amount,Value (USD)
"15403298","2022-08-24 13:55:24","0x92c5b78c4e480e04cbbe186c8294bb5a1927cbcad1ff346a86bccdf34c71fe29","Success","call","0xc02aaa39b223fe8d0a0e5c4f27ead9083c756cc2","Wrapped Ether","0x56d8b635a7c88fd1104d23d632af40c1c3aac4e3","Nomad Bridge Exploiter 1","10,203.4875","N/A"
"15259641","2022-08-01 23:35:13","0x7f819d5030ae9dd7e83d9611261760645c67d03f6c0952093991e606da929f15","Success","call","0xf57113d8f6ff35747737f026fe0b37d4d7f42777","","0x56d8b635a7c88fd1104d23d632af40c1c3aac4e3","Nomad Bridge Exploiter 1","0.00000000000000466","N/A"
"15259601","2022-08-01 23:25:20","0x3dbed4a1ebb2289273370ce0ef10302882927abe946299cf2ca3073f1a3dcdd9","Success","call","0xf57113d8f6ff35747737f026fe0b37d4d7f42777","","0x56d8b635a7c88fd1104d23d632af40c1c3aac4e3","Nomad Bridge Exploiter 1","32.093679895470232534","N/A"
"15259555","2022-08-01 23:15:28","0xb0978e34c140d7b8faa1f02c5298fbabbbecb3897a989d7e7812a1f3f3f2cd12","Success","call","0xfa0a622f028bf60a12932f9d2170debf2410ae83","","0x56d8b635a7c88fd1104d23d632af40c1c3aac4e3","Nomad Bridge Exploiter 1","0.0000000000000233","N/A"
"","","0xb0978e34c140d7b8faa1f02c5298fbabbbecb3897a989d7e7812a1f3f3f2cd12","Success","call","0x17eee115492507e40039f1b19d6ff93f33bbadc1","","0x56d8b635a7c88fd1104d23d632af40c1c3aac4e3","Nomad Bridge Exploiter 1","0.0000000000000233","N/A"
"","","0xb0978e34c140d7b8faa1f02c5298fbabbbecb3897a989d7e7812a1f3f3f2cd12","Success","call","0x2c73406a1463e34f4393267a652802f810695aa2","","0x56d8b635a7c88fd1104d23d632af40c1c3aac4e3","Nomad Bridge Exploiter 1","0.0000000000000233","N/A"
"","","0xb0978e34c140d7b8faa1f02c5298fbabbbecb3897a989d7e7812a1f3f3f2cd12","Success","call","0x0d683079d989294c7990d3858e7f16571d6e8c23","","0x56d8b635a7c88fd1104d23d632af40c1c3aac4e3","Nomad Bridge Exploiter 1","0.0000000000000233","N/A"
"","","0xb0978e34c140d7b8faa1f02c5298fbabbbecb3897a989d7e7812a1f3f3f2cd12","Success","call","0xf164ce5450e9362e269e9efbdbb11841744c03b2","","0x56d8b635a7c88fd1104d23d632af40c1c3aac4e3","Nomad Bridge Exploiter 1","0.0000000000000233","N/A"
"","","0xb0978e34c140d7b8faa1f02c5298fbabbbecb3897a989d7e7812a1f3f3f2cd12","Success","call","0x2b104528ad50d4bb188ba40e2789d937d8f73891","","0x56d8b635a7c88fd1104d23d632af40c1c3aac4e3","Nomad Bridge Exploiter 1","0.00000000000000466","N/A"
"","","0xb0978e34c140d7b8faa1f02c5298fbabbbecb3897a989d7e7812a1f3f3f2cd12","Success","call","0xbf2bdbfb505dd8d5269b75cee3282525cd621435","","0x56d8b635a7c88fd1104d23d632af40c1c3aac4e3","Nomad Bridge Exploiter 1","0.0000000000000233","N/A"
"","","0xb0978e34c140d7b8faa1f02c5298fbabbbecb3897a989d7e7812a1f3f3f2cd12","Success","call","0x9c4a13675c38a28c30181efa03ac68b48a2ff2db","","0x56d8b635a7c88fd1104d23d632af40c1c3aac4e3","Nomad Bridge Exploiter 1","0.0000000000000233","N/A"
"","","0xb0978e34c140d7b8faa1f02c5298fbabbbecb3897a989d7e7812a1f3f3f2cd12","Success","call","0x7524bc04dda5b52d56cc6c38e349552c23f16362","","0x56d8b635a7c88fd1104d23d632af40c1c3aac4e3","Nomad Bridge Exploiter 1","0.0000000000000233","N/A"
"","","0xb0978e34c140d7b8faa1f02c5298fbabbbecb3897a989d7e7812a1f3f3f2cd12","Success","call","0x9b78bbf9ee0548739622449f0dbbebe06dd409ba","","0x56d8b635a7c88fd1104d23d632af40c1c3aac4e3","Nomad Bridge Exploiter 1","0.0000000000000233","N/A"
"","","0xb0978e34c140d7b8faa1f02c5298fbabbbecb3897a989d7e7812a1f3f3f2cd12","Success","call","0x0db09d04d33539e3366de2591e920eba71edc879","","0x56d8b635a7c88fd1104d23d632af40c1c3aac4e3","Nomad Bridge Exploiter 1","0.0000000000000466","N/A"
"","","0xb0978e34c140d7b8faa1f02c5298fbabbbecb3897a989d7e7812a1f3f3f2cd12","Success","call","0xf57113d8f6ff35747737f026fe0b37d4d7f42777","","0x56d8b635a7c88fd1104d23d632af40c1c3aac4e3","Nomad Bridge Exploiter 1","0.00000000000005592","N/A"
"15259536","2022-08-01 23:11:02","0x0f8e32acbecae417178bb74f4082768b2c6771cf84ae87032fcd61eae748602c","Success","call","0x0db09d04d33539e3366de2591e920eba71edc879","","0x56d8b635a7c88fd1104d23d632af40c1c3aac4e3","Nomad Bridge Exploiter 1","10.368586902412817132","N/A"
"15259451","2022-08-01 22:51:12","0xdf6bef0d8dee8b44863ac61092a711b877dcfe3d61da93d7289e0c6285af1b45","Success","call","0xf57113d8f6ff35747737f026fe0b37d4d7f42777","","0x56d8b635a7c88fd1104d23d632af40c1c3aac4e3","Nomad Bridge Exploiter 1","123.433245426342054608","N/A"
"15259440","2022-08-01 22:48:59","0xdcb81fd2935e2cfa576bf9a6be42e1c490777e6cb7c625714953563abc95b452","Success","call","0x0db09d04d33539e3366de2591e920eba71edc879","","0x56d8b635a7c88fd1104d23d632af40c1c3aac4e3","Nomad Bridge Exploiter 1","123.512019209986701659","N/A"
"15259387","2022-08-01 22:39:47","0xfd8e6bad22affe5461ac78f316be782ad28bb975ff6f0942bbb983bb4a5f2a0b","Success","call","0x0db09d04d33539e3366de2591e920eba71edc879","","0x56d8b635a7c88fd1104d23d632af40c1c3aac4e3","Nomad Bridge Exploiter 1","123.521932708159373183","N/A"
"15259367","2022-08-01 22:35:18","0x08f3202a22c92eda02e2068f854897bc335976797515c56a11fc8a1f25f035a4","Success","call","0xf57113d8f6ff35747737f026fe0b37d4d7f42777","","0x56d8b635a7c88fd1104d23d632af40c1c3aac4e3","Nomad Bridge Exploiter 1","100","N/A"
"15259358","2022-08-01 22:32:42","0xc4938e6f6368061194d076d44f73a8cae3a318b1ee7cf8b026abe10b7c206c2a","Success","call","0xf57113d8f6ff35747737f026fe0b37d4d7f42777","","0x56d8b635a7c88fd1104d23d632af40c1c3aac4e3","Nomad Bridge Exploiter 1","10,000","N/A"
"15259303","2022-08-01 22:22:17","0x29b67e0701ddd910ff6a069aa039015eb78b1ee6d99ad8da5d0ef63916f3fd57","Success","call","0xf57113d8f6ff35747737f026fe0b37d4d7f42777","","0x56d8b635a7c88fd1104d23d632af40c1c3aac4e3","Nomad Bridge Exploiter 1","200","N/A"
"15259200","2022-08-01 21:55:59","0x8c475bff9d0d2f459a603a34c6cdb0a60406fbb8d46c2abbc165b64d9e5997f2","Success","call","0x0db09d04d33539e3366de2591e920eba71edc879","","0x56d8b635a7c88fd1104d23d632af40c1c3aac4e3","Nomad Bridge Exploiter 1","2,224.301540009825413571","N/A"
"15154734","2022-07-16 16:14:50","0xfc5e83aeb16da206d288e2b83a2f35345af28a1ec1f1f2e57b20994eb7f24ed6","Success","call","0xf164ce5450e9362e269e9efbdbb11841744c03b2","","0x56d8b635a7c88fd1104d23d632af40c1c3aac4e3","Nomad Bridge Exploiter 1","13.585685272952560367","N/A"
"15085806","2022-07-06 00:41:25","0x9d446d98125614c02438e65fa1dbd15e1478fe3b2490a6b843265332c54ddfa0","Success","call","0xf57113d8f6ff35747737f026fe0b37d4d7f42777","","0x56d8b635a7c88fd1104d23d632af40c1c3aac4e3","Nomad Bridge Exploiter 1","1.075452691328655153","N/A"
"15022353","2022-06-25 06:24:53","0x7f8e8465aa9b093e883784bc38ebb4c9ade574d52a6b5aed3cabbefeb37fabf2","Success","call","0x68b3465833fb72a70ecdf485e0e4c7bd8665fc45","Uniswap V3: Router 2","0x56d8b635a7c88fd1104d23d632af40c1c3aac4e3","Nomad Bridge Exploiter 1","38.906790272325497719","N/A"
"14989252","2022-06-19 06:06:52","0x491242ac78d2b67f96c6dbc0fae2d09bd1ec495f63ac170233705019df0f7d92","Success","call","0x910cbd523d972eb0a6f4cae4618ad62622b39dbf","Tornado.Cash: 10 ETH","0x56d8b635a7c88fd1104d23d632af40c1c3aac4e3","Nomad Bridge Exploiter 1","10","N/A"
"14989194","2022-06-19 05:50:54","0x160483036aadc09106021cb340bf2446826bf78cc8d5ff1727fab5a4e0b244ff","Success","call","0x12d66f87a04a9e220743712ce6d9bb1b5616b8fc","Tornado.Cash: 0.1 ETH","0x56d8b635a7c88fd1104d23d632af40c1c3aac4e3","Nomad Bridge Exploiter 1","0.1","N/A"
"14989182","2022-06-19 05:48:22","0x26eb717dd81c88fb65818e9036b9c7c23225a0f3bdabeeb1e7ca99d86434eb94","Success","call","0x12d66f87a04a9e220743712ce6d9bb1b5616b8fc","Tornado.Cash: 0.1 ETH","0x56d8b635a7c88fd1104d23d632af40c1c3aac4e3","Nomad Bridge Exploiter 1","0.1","N/A"
"14989171","2022-06-19 05:46:04","0xe1b08633f9e05c5eaca23a48cb70c851430ef2e994aeaa991caeafb9ff142c5c","Success","call","0x12d66f87a04a9e220743712ce6d9bb1b5616b8fc","Tornado.Cash: 0.1 ETH","0x56d8b635a7c88fd1104d23d632af40c1c3aac4e3","Nomad Bridge Exploiter 1","0.1","N/A"
"14989152","2022-06-19 05:42:09","0xe20c28e5c095c198d7ef4b3a7405148adb8f0a3bae214499c36d1c22a8644730","Success","call","0x12d66f87a04a9e220743712ce6d9bb1b5616b8fc","Tornado.Cash: 0.1 ETH","0x56d8b635a7c88fd1104d23d632af40c1c3aac4e3","Nomad Bridge Exploiter 1","0.1","N/A"
"14989121","2022-06-19 05:35:58","0x7829d0c74abe327a89feb6e771266c44df7e272826bab7fe4776c2166825d24c","Success","call","0x12d66f87a04a9e220743712ce6d9bb1b5616b8fc","Tornado.Cash: 0.1 ETH","0x56d8b635a7c88fd1104d23d632af40c1c3aac4e3","Nomad Bridge Exploiter 1","0.1","N/A"
"14989100","2022-06-19 05:29:21","0xcf2a75b0332229c4d40727e644a73c405031a8ef0c42886b17619229633690f0","Success","call","0x12d66f87a04a9e220743712ce6d9bb1b5616b8fc","Tornado.Cash: 0.1 ETH","0x56d8b635a7c88fd1104d23d632af40c1c3aac4e3","Nomad Bridge Exploiter 1","0.07812","N/A"