"Transaction Hash","Blockno","UnixTimestamp","DateTime (UTC)","From","To","TokenValue","USDValueDayOfTx","ContractAddress","TokenName","TokenSymbol"
"0x307303eb74c2ff47b7edbabf348da07946f32617a21d4b1df2c8cdabd9f62c1b","15185179","1658396631","2022-07-21 09:43:51","0xfbe4a6340f6ebb608a1d59ca521415337c7cd5f2","0xb5c55f76f90cc528b2609109ca14d8d84593590e","62,423.2033","$62,434.71","0xa0b86991c6218b36c1d19d4a2e9eb0ce3606eb48","USDC","USDC"
"0xe798d825ac7f25736ec15116fc74bfd25fc942126de1bd68c9972bf4a9826cfd","15185202","1658397050","2022-07-21 09:50:50","0xb5c55f76f90cc528b2609109ca14d8d84593590e","0x88e6a0c2ddd26feeb64f039a2c41296fcb3f5640","62,423.2033","$62,434.71","0xa0b86991c6218b36c1d19d4a2e9eb0ce3606eb48","USDC","USDC"
"0xb1fe26cc8892f58eb468f5208baaf38bac422b5752cca0b9c8a871855d63ae28","15259101","1659389551","2022-08-01 21:32:31","0x88a69b4e698a4b090df6cf5bd7b2d47325ad30a3","0xb5c55f76f90cc528b2609109ca14d8d84593590e","100","$2,333,166.70","0x2260fac5e5542a773aa44fbcfedf7c193bc2c599","Wrapped BTC","WBTC"
"0x5c5f3325d212b8e0863c76995b5aa54aaf22723c3fbd68b38f33b1309c8b16bd","15259155","1659390389","2022-08-01 21:46:29","0x88a69b4e698a4b090df6cf5bd7b2d47325ad30a3","0xb5c55f76f90cc528b2609109ca14d8d84593590e","3","$69,995.00","0x2260fac5e5542a773aa44fbcfedf7c193bc2c599","Wrapped BTC","WBTC"
"0x39b107d43d88f1120e4310818c6c1e797125cf202faa299b81c8714e5c3d6691","15259303","1659392537","2022-08-01 22:22:17","0x88a69b4e698a4b090df6cf5bd7b2d47325ad30a3","0xb5c55f76f90cc528b2609109ca14d8d84593590e","200","$327,485.32","0xc02aaa39b223fe8d0a0e5c4f27ead9083c756cc2","Wrapped Ether","WETH"
"0x696f33c5a1597d2c8529f5b45d49097a825a11f0a8b7226602f0a29b2384352a","15259367","1659393318","2022-08-01 22:35:18","0x88a69b4e698a4b090df6cf5bd7b2d47325ad30a3","0xb5c55f76f90cc528b2609109ca14d8d84593590e","100","$163,742.66","0xc02aaa39b223fe8d0a0e5c4f27ead9083c756cc2","Wrapped Ether","WETH"
"0x84566b22a1389888f287be27b7cc073e25e9087133d29e1752e3d0ab16ce03ec","15259397","1659393765","2022-08-01 22:42:45","0x88a69b4e698a4b090df6cf5bd7b2d47325ad30a3","0xb5c55f76f90cc528b2609109ca14d8d84593590e","202,440.725413","$202,664.88","0xa0b86991c6218b36c1d19d4a2e9eb0ce3606eb48","USDC","USDC"
"0x5bc5b943cfc0688cb1686cac7ed279fd0a8e0741acb3c88b2ca781304359c20c","15259415","1659393901","2022-08-01 22:45:01","0x88a69b4e698a4b090df6cf5bd7b2d47325ad30a3","0xb5c55f76f90cc528b2609109ca14d8d84593590e","1,049,947.188403","$1,051,109.74","0xa0b86991c6218b36c1d19d4a2e9eb0ce3606eb48","USDC","USDC"
"0x0dd9ce4b22b84bf183e183c58af7ee212daca654753585effb1dc3543e46d3ab","15259448","1659394215","2022-08-01 22:50:15","0x88a69b4e698a4b090df6cf5bd7b2d47325ad30a3","0xb5c55f76f90cc528b2609109ca14d8d84593590e","202,440.725413","$202,664.88","0xa0b86991c6218b36c1d19d4a2e9eb0ce3606eb48","USDC","USDC"
"0x0c1cdba855f8d3ed572ee23332b971bd1084ac8132e1f0e266edaf0f281b36d0","15259463","1659394448","2022-08-01 22:54:08","0x0db09d04d33539e3366de2591e920eba71edc879","0xb5c55f76f90cc528b2609109ca14d8d84593590e","202,440.725413","$202,664.88","0xa0b86991c6218b36c1d19d4a2e9eb0ce3606eb48","USDC","USDC"
"0x0c1cdba855f8d3ed572ee23332b971bd1084ac8132e1f0e266edaf0f281b36d0","15259463","1659394448","2022-08-01 22:54:08","0xf57113d8f6ff35747737f026fe0b37d4d7f42777","0xb5c55f76f90cc528b2609109ca14d8d84593590e","202,440.725413","$202,664.88","0xa0b86991c6218b36c1d19d4a2e9eb0ce3606eb48","USDC","USDC"
"0xf291df018585dea41afa359fbc2c4e2ad991d3893f9e13137191935279c6cb1f","15259464","1659394485","2022-08-01 22:54:45","0x88a69b4e698a4b090df6cf5bd7b2d47325ad30a3","0xb5c55f76f90cc528b2609109ca14d8d84593590e","150,039.999661","$150,257.20","0x853d955acef822db058eb8505911ed77f175b99e","Frax","FRAX"
"0xe13dae8b8e10c4bc25fe1b7c1f6d2b47e380d4ba97d6fd79cda8515e8d08138e","15259508","1659395084","2022-08-01 23:04:44","0x88a69b4e698a4b090df6cf5bd7b2d47325ad30a3","0xb5c55f76f90cc528b2609109ca14d8d84593590e","150,039.999661","$150,257.20","0x853d955acef822db058eb8505911ed77f175b99e","Frax","FRAX"
"0x981c5019f65c211d533a334183462ecbc8ee642a5e1d69c5c6d28c87eecd5d30","15259518","1659395230","2022-08-01 23:07:10","0x88a69b4e698a4b090df6cf5bd7b2d47325ad30a3","0xb5c55f76f90cc528b2609109ca14d8d84593590e","150,039.999661","$17,685.82","0xd417144312dbf50465b1c641d016962017ef6240","Covalent Query Token","CQT"
"0x1344d628d963ba34e8df821f416f2d472208d5c545cff3f7cffed259a74dede1","15259521","1659395290","2022-08-01 23:08:10","0x0db09d04d33539e3366de2591e920eba71edc879","0xb5c55f76f90cc528b2609109ca14d8d84593590e","121,387.701073","$121,406.48","0x6b175474e89094c44da98b954eedeac495271d0f","Dai Stablecoin","DAI"
"0x1344d628d963ba34e8df821f416f2d472208d5c545cff3f7cffed259a74dede1","15259521","1659395290","2022-08-01 23:08:10","0x9c4a13675c38a28c30181efa03ac68b48a2ff2db","0xb5c55f76f90cc528b2609109ca14d8d84593590e","121,387.701073","$121,406.48","0x6b175474e89094c44da98b954eedeac495271d0f","Dai Stablecoin","DAI"
"0x1344d628d963ba34e8df821f416f2d472208d5c545cff3f7cffed259a74dede1","15259521","1659395290","2022-08-01 23:08:10","0xf164ce5450e9362e269e9efbdbb11841744c03b2","0xb5c55f76f90cc528b2609109ca14d8d84593590e","121,387.701073","$121,406.48","0x6b175474e89094c44da98b954eedeac495271d0f","Dai Stablecoin","DAI"
"0x1344d628d963ba34e8df821f416f2d472208d5c545cff3f7cffed259a74dede1","15259521","1659395290","2022-08-01 23:08:10","0xbf2bdbfb505dd8d5269b75cee3282525cd621435","0xb5c55f76f90cc528b2609109ca14d8d84593590e","121,387.701073","$121,406.48","0x6b175474e89094c44da98b954eedeac495271d0f","Dai Stablecoin","DAI"
"0x1344d628d963ba34e8df821f416f2d472208d5c545cff3f7cffed259a74dede1","15259521","1659395290","2022-08-01 23:08:10","0x7524bc04dda5b52d56cc6c38e349552c23f16362","0xb5c55f76f90cc528b2609109ca14d8d84593590e","121,387.701073","$121,406.48","0x6b175474e89094c44da98b954eedeac495271d0f","Dai Stablecoin","DAI"
"0x1344d628d963ba34e8df821f416f2d472208d5c545cff3f7cffed259a74dede1","15259521","1659395290","2022-08-01 23:08:10","0x0d683079d989294c7990d3858e7f16571d6e8c23","0xb5c55f76f90cc528b2609109ca14d8d84593590e","121,387.701073","$121,406.48","0x6b175474e89094c44da98b954eedeac495271d0f","Dai Stablecoin","DAI"
"0x1344d628d963ba34e8df821f416f2d472208d5c545cff3f7cffed259a74dede1","15259521","1659395290","2022-08-01 23:08:10","0xfa0a622f028bf60a12932f9d2170debf2410ae83","0xb5c55f76f90cc528b2609109ca14d8d84593590e","121,387.701073","$121,406.48","0x6b175474e89094c44da98b954eedeac495271d0f","Dai Stablecoin","DAI"
"0x1344d628d963ba34e8df821f416f2d472208d5c545cff3f7cffed259a74dede1","15259521","1659395290","2022-08-01 23:08:10","0x9b78bbf9ee0548739622449f0dbbebe06dd409ba","0xb5c55f76f90cc528b2609109ca14d8d84593590e","121,387.701073","$121,406.48","0x6b175474e89094c44da98b954eedeac495271d0f","Dai Stablecoin","DAI"
"0x1344d628d963ba34e8df821f416f2d472208d5c545cff3f7cffed259a74dede1","15259521","1659395290","2022-08-01 23:08:10","0xf57113d8f6ff35747737f026fe0b37d4d7f42777","0xb5c55f76f90cc528b2609109ca14d8d84593590e","121,387.701073","$121,406.48","0x6b175474e89094c44da98b954eedeac495271d0f","Dai Stablecoin","DAI"
"0x1344d628d963ba34e8df821f416f2d472208d5c545cff3f7cffed259a74dede1","15259521","1659395290","2022-08-01 23:08:10","0x2c73406a1463e34f4393267a652802f810695aa2","0xb5c55f76f90cc528b2609109ca14d8d84593590e","121,387.701073","$121,406.48","0x6b175474e89094c44da98b954eedeac495271d0f","Dai Stablecoin","DAI"
"0x17bcc1450f7cd89a48f92f2c45662ab33829e8332f5a11f4baffc2117efb9c69","15259550","1659395633","2022-08-01 23:13:53","0x88a69b4e698a4b090df6cf5bd7b2d47325ad30a3","0xb5c55f76f90cc528b2609109ca14d8d84593590e","150,039.999661","$17,685.82","0xd417144312dbf50465b1c641d016962017ef6240","Covalent Query Token","CQT"
"0xef91b1f8f63e1df6fe3f96f19cf76f771e691f4b1985dc195a837a8f9067f811","15259559","1659395796","2022-08-01 23:16:36","0x88a69b4e698a4b090df6cf5bd7b2d47325ad30a3","0xb5c55f76f90cc528b2609109ca14d8d84593590e","150,039.999661","$17,685.82","0xd417144312dbf50465b1c641d016962017ef6240","Covalent Query Token","CQT"
"0x00dc5d31bcba8f602c9522f03ad00184658636482d1ecc5ee66c96bc9e0e43ed","15259577","1659395876","2022-08-01 23:17:56","0x88a69b4e698a4b090df6cf5bd7b2d47325ad30a3","0xb5c55f76f90cc528b2609109ca14d8d84593590e","447,154.04409468172107776","$52,707.85","0xd417144312dbf50465b1c641d016962017ef6240","Covalent Query Token","CQT"
"0xe73f3bc5f275959fe8c1c8074e2225631edcbd61aa3bd511d5d08109b31f6936","15259582","1659395930","2022-08-01 23:18:50","0x88a69b4e698a4b090df6cf5bd7b2d47325ad30a3","0xb5c55f76f90cc528b2609109ca14d8d84593590e","150,039.999661","$17,685.82","0xd417144312dbf50465b1c641d016962017ef6240","Covalent Query Token","CQT"
"0xc8727036bc2b6fe5645480655c63b86357812e3c16525bb1d4e5e2e2ffec4ee6","15259589","1659396024","2022-08-01 23:20:24","0x88a69b4e698a4b090df6cf5bd7b2d47325ad30a3","0xb5c55f76f90cc528b2609109ca14d8d84593590e","150,039.999661","$17,685.82","0xd417144312dbf50465b1c641d016962017ef6240","Covalent Query Token","CQT"
"0xe1ab2a8429445fb112430f46a23817ea9fcf87b86df7b4ca1602fff8ac1379d7","15259591","1659396087","2022-08-01 23:21:27","0x88a69b4e698a4b090df6cf5bd7b2d47325ad30a3","0xb5c55f76f90cc528b2609109ca14d8d84593590e","1,358,965.819275629174706176","$160,186.77","0xd417144312dbf50465b1c641d016962017ef6240","Covalent Query Token","CQT"
"0x7fb7a824c974365ebe611489300e87c5fc693f09a7b82e5e748663ff13f4631b","15259595","1659396200","2022-08-01 23:23:20","0x88a69b4e698a4b090df6cf5bd7b2d47325ad30a3","0xb5c55f76f90cc528b2609109ca14d8d84593590e","150,039.999661","$17,685.82","0xd417144312dbf50465b1c641d016962017ef6240","Covalent Query Token","CQT"
"0x6514a52a52978e482b7115850ede39656fb1175a38f8317bf55ef9c98ce2712b","15259603","1659396403","2022-08-01 23:26:43","0x88a69b4e698a4b090df6cf5bd7b2d47325ad30a3","0xb5c55f76f90cc528b2609109ca14d8d84593590e","77,000","$77,085.26","0xa0b86991c6218b36c1d19d4a2e9eb0ce3606eb48","USDC","USDC"
"0x2e4a05574392ca045e50e91133c1549e3a51c3fe85238440b502297799af9797","15259604","1659396411","2022-08-01 23:26:51","0x88a69b4e698a4b090df6cf5bd7b2d47325ad30a3","0xb5c55f76f90cc528b2609109ca14d8d84593590e","12,502.960025","$93,022.74","0x3432b6a60d23ca0dfca7761b7ab56459d9c964d0","Frax Share","FXS"
"0x0ebd93ad0eb52419ea9c4e300f7d400f0fa4bb124b83a452c3ce8954c5ec84db","15259635","1659396848","2022-08-01 23:34:08","0x88a69b4e698a4b090df6cf5bd7b2d47325ad30a3","0xb5c55f76f90cc528b2609109ca14d8d84593590e","1,501.3992","$11,170.50","0x3432b6a60d23ca0dfca7761b7ab56459d9c964d0","Frax Share","FXS"
"0x9936849c763823c1a572598613bbceefb096e1931805cf4243ce74abae359623","15259651","1659396993","2022-08-01 23:36:33","0xb5c55f76f90cc528b2609109ca14d8d84593590e","0xbebc44782c7db0a1a60cb6fe97d0b483032ff1c7","1,936,710.090055","$1,938,854.51","0xa0b86991c6218b36c1d19d4a2e9eb0ce3606eb48","USDC","USDC"
"0x9936849c763823c1a572598613bbceefb096e1931805cf4243ce74abae359623","15259651","1659396993","2022-08-01 23:36:33","0xbebc44782c7db0a1a60cb6fe97d0b483032ff1c7","0xb5c55f76f90cc528b2609109ca14d8d84593590e","1,936,317.974362331515571552","$1,936,617.54","0x6b175474e89094c44da98b954eedeac495271d0f","Dai Stablecoin","DAI"
"0xc5660aef6ffe801b1fdf3556ded764245311c2fddd1217960c14ae441e6231a8","15259660","1659397088","2022-08-01 23:38:08","0xb5c55f76f90cc528b2609109ca14d8d84593590e","0xd632f22692fac7611d2aa1c0d552930d43caed3b","300,079.999322","$300,514.40","0x853d955acef822db058eb8505911ed77f175b99e","Frax","FRAX"
"0xc5660aef6ffe801b1fdf3556ded764245311c2fddd1217960c14ae441e6231a8","15259660","1659397088","2022-08-01 23:38:08","0xd632f22692fac7611d2aa1c0d552930d43caed3b","0xb5c55f76f90cc528b2609109ca14d8d84593590e","299,873.384709856249918198","$299,919.78","0x6b175474e89094c44da98b954eedeac495271d0f","Dai Stablecoin","DAI"
"0x8a43d2aa015eb6bc24bdf541915f1e0d193c6ba1208c70d1d003efce399c9f4f","15403397","1661350591","2022-08-24 14:16:31","0xb5c55f76f90cc528b2609109ca14d8d84593590e","0xab96e9ae52351f27ff9ace45ac2cb7083044eb69","3,450,068.36980218776548975","$3,450,473.09","0x6b175474e89094c44da98b954eedeac495271d0f","Dai Stablecoin","DAI"
"0xffd3bc46060c2fc5b211bb191da3009aa25a4ab487e5d5498dbf3b35a8d4bd18","15403403","1661350701","2022-08-24 14:18:21","0xb5c55f76f90cc528b2609109ca14d8d84593590e","0xab96e9ae52351f27ff9ace45ac2cb7083044eb69","103","$2,204,734.68","0x2260fac5e5542a773aa44fbcfedf7c193bc2c599","Wrapped BTC","WBTC"
"0x4a6583b3e04390fd9c27180f7fcd254f7711a14845857291126bd2d47d887fa9","15854976","1667061767","2022-10-29 16:42:47","0xd90e2f925da726b50c4ed8d0fb90ad053324f31b","0xb5c55f76f90cc528b2609109ca14d8d84593590e","1,000","N/A","0xc448e14099c27903f04d68d2ad16c4ac92bb3229","ERC-20 TOKEN*","ERC-20 TOKEN*"
"0x29933a094336b86b735f5458c86644ec60ae4ab1a0296b77c18b377eecac8dce","16483663","1674647627","2023-01-25 11:53:47","0x00000000219ab540356cbb839cbe05303d7705fa","0xb5c55f76f90cc528b2609109ca14d8d84593590e","6,000","N/A","0xdc09ef6ba2a135b350d3d05c409497485d8b0a00","ERC-20 TOKEN*","ERC-20 TOKEN*"
"0xcbeb7b4a194a32d84044d04b38bcffa189f537ce0b4b674d5a54e00f46d3bb45","17349578","1685180627","2023-05-27 09:43:47","0x1111111254fb6c44bac0bed2854e76f90643097d","0xb5c55f76f90cc528b2609109ca14d8d84593590e","509","N/A","0xa861b729af7b03038e00b10474a9f150d1136049","ERC-20 TOKEN*","ERC-20 TOKEN*"
"0x915bb87b7eaa7cb48dbe41eaa305aa155ba03d45677447e2234576be4ccc36ef","17598647","1688207675","2023-07-01 10:34:35","0xf2e9ee3c47296773ae89b4674bfdcedb31ed9339","0xb5c55f76f90cc528b2609109ca14d8d84593590e","114","N/A","0xa1f6d18c335e03fecc0255cd054ace07b217c775","ERC-20 TOKEN*","ERC-20 TOKEN*"
"0x0820318207202a59efa7baeaf91af13fd04a6a21c27ba6a60e4841ffecd796d9","18191704","1695389615","2023-09-22 13:33:35","0xde0b295669a9fd93d5f28d9ec85e40f4cb697bae","0xb5c55f76f90cc528b2609109ca14d8d84593590e","98,127","N/A","0xa09a4e239fa3f604e23975622ba82798f30d393d","ERC-20 TOKEN*","ERC-20 TOKEN*"
"0x946d067de6ae368004f3eb9e4ee4051a66bdba98cb734a3bdcdac84eb4f0fd18","18199669","1695486059","2023-09-23 16:20:59","0xde0b295669a9fd93d5f28d9ec85e40f4cb697bae","0xb5c55f76f90cc528b2609109ca14d8d84593590e","100","N/A","0x98d1c76831c0abea30e3dac8628bd72d6b0e3dd2","ERC-20 TOKEN*","ERC-20 TOKEN*"
"0x0fbb90c9a0672bc80e72d87f00eefd2113b1274b9d37db1bcc18c95a32afb4af","18301907","1696721495","2023-10-07 23:31:35","0xde0b295669a9fd93d5f28d9ec85e40f4cb697bae","0xb5c55f76f90cc528b2609109ca14d8d84593590e","1.4","N/A","0xbb20789e69359aba3e42505c0a3987ebb4aec2e4","ERC-20 TOKEN*","ERC-20 TOKEN*"
"0xa800900a365d903ebc86daaababc181dcb58c8a0e28cfb38d0e3ea955b87d0ae","18995309","1705116731","2024-01-13 03:32:11","0x853d955acef822db058eb8505911ed77f175b99e","0xb5c55f76f90cc528b2609109ca14d8d84593590e","2,382.23","N/A","0xe0c31b3e341e7ef3c04eb14e58802b88a80a45a1","ERC-20 TOKEN*","ERC-20 TOKEN*"
