"Transaction Hash","Blockno","UnixTimestamp","DateTime (UTC)","From","To","ContractAddress","Value_IN(ETH)","Value_OUT(ETH)","CurrentValue @ $2724.34/Eth","TxnFee(ETH)","TxnFee(USD)","Historical $Price/Eth","Status","ErrCode","Method"
"0xfd243724371bea1221d1bd9d8e6755656ef697d594e97a46ca21ca3390ae7fe1","15403341","1661349958","2022-08-24 14:05:58","0x56d8b635a7c88fd1104d23d632af40c1c3aac4e3","0x649614d3f7a7d68b3cf3c00264a07eeae4326fdc","","23073.4","0","62859786.556","0.000525","1.4302785","1656.52","","","Transfer"
"0xba2cacd76b943d3646fcbc22f5959acd7f6d38756f83860f0180634b2c1c971a","15403413","1661350908","2022-08-24 14:21:48","0xa097ab329509bff14b7b2af5c9288c012dd9c172","0x649614d3f7a7d68b3cf3c00264a07eeae4326fdc","","0.001","0","2.72434","0.000439064552600168","1.19616112323074","1656.52","","","0x506c6561"
"0x2da22768d4325cc9027cfe73b486dd3728c7924ad1f9b001aff14ec79c0e2d0e","15433128","1661762532","2022-08-29 08:42:12","0x5a2c1f87cc9713251bd5baa696628e2665342e4a","0x649614d3f7a7d68b3cf3c00264a07eeae4326fdc","","0","0","0","0.00022984","0.6261623056","1552.40","","","0x48692066"
"0xa9ef7fed1bb1616b82141b54bb3a7839574d568b0d11811707baef0b5344021f","15436809","1661813300","2022-08-29 22:48:20","0x5a2c1f87cc9713251bd5baa696628e2665342e4a","0x649614d3f7a7d68b3cf3c00264a07eeae4326fdc","","0","0","0","0.000294632","0.80267774288","1552.40","","","0x48692066"
"0x3cc53a4568bc184a7645c58eaa82f3af1670bf1ba8e743d569ef6c046f67b864","17228291","1683700883","2023-05-10 06:41:23","0xc6b1a87450108785f229802639fa43bc3895a2cb","0x649614d3f7a7d68b3cf3c00264a07eeae4326fdc","","0","0","0","0.001784759517550712","4.86229174404411","1842.72","","","0x4974e280"
"0x3c398fbc94412a8b5dcbe2ee8207301f6699afae3d95422074d0c0def8621930","17234918","1683781463","2023-05-11 05:04:23","0xc6b1a87450108785f229802639fa43bc3895a2cb","0x649614d3f7a7d68b3cf3c00264a07eeae4326fdc","","0","0","0","0.002534228338777504","6.9040996324651","1795.53","","","0x44617920"
"0x70b3435f08b44e4f5a9a942b4e773039d8da074e259d95dc68368991f8b6d165","21725088","1738092215","2025-01-28 19:23:35","0x1b4d236dd759a43020d1bc898e0a069e8c193ae4","0x649614d3f7a7d68b3cf3c00264a07eeae4326fdc","","0","0","0","0.000286440405278736","0.780361053717072","3075.83","","","0x416e6479"
"0xd8fdb78b6e25ef5bff50a5e50c54be3431f3c40dfebec5a8d8d581cd93065362","21924550","1740501071","2025-02-25 16:31:11","0x037c0e81264a0d94fc19f06f780f6cb2544ac094","0x649614d3f7a7d68b3cf3c00264a07eeae4326fdc","","0","0","0","0.000158532849610872","0.431897383508883","2492.48","","","0x68692c20"
"0x5768808e24c89c781656b9f905bd55f0eca599d968b7bf9649ac71f2f6d91a79","22407035","1746320963","2025-05-04 01:09:23","0x290ca4da2c963dea5ae736469a5b8a53d64d4e6a","0x649614d3f7a7d68b3cf3c00264a07eeae4326fdc","","0","0","0","0.000022536","0.06139572624","1809.00","","","0x68747470"
"0x233390e003b28cf21c4d1bc8f7c8ed9d64a6966324ec6d26cf62ba97f0337efe","22407173","1746322619","2025-05-04 01:36:59","0x290ca4da2c963dea5ae736469a5b8a53d64d4e6a","0x649614d3f7a7d68b3cf3c00264a07eeae4326fdc","","0","0","0","0.000022712","0.06187521008","1809.00","","","0x68747470"
"0x19760588818e57fd0407dfa1874a86cb2eb84875445aff7dd9ac353d08211177","22407380","1746325127","2025-05-04 02:18:47","0x290ca4da2c963dea5ae736469a5b8a53d64d4e6a","0x649614d3f7a7d68b3cf3c00264a07eeae4326fdc","","0","0","0","0.000022712","0.06187521008","1809.00","","","0x68747470"
"0xb87aab151ac4dc195788911e8d23a4da9d2579241d493882296733f8dabe2212","22407547","1746327143","2025-05-04 02:52:23","0x290ca4da2c963dea5ae736469a5b8a53d64d4e6a","0x649614d3f7a7d68b3cf3c00264a07eeae4326fdc","","0","0","0","0.000022712","0.06187521008","1809.00","","","0x68747470"
"0x28df578a6d1bc66f7b4c75150c57817407c29dcf4bab52e527c2c827a7c72819","22407751","1746329627","2025-05-04 03:33:47","0x290ca4da2c963dea5ae736469a5b8a53d64d4e6a","0x649614d3f7a7d68b3cf3c00264a07eeae4326fdc","","0","0","0","0.000022712","0.06187521008","1809.00","","","0x68747470"
"0x03a096485eb60d8c063eebabf00ad971c612e1ca04d2a36d0731e311f59474c5","22407916","1746331619","2025-05-04 04:06:59","0x290ca4da2c963dea5ae736469a5b8a53d64d4e6a","0x649614d3f7a7d68b3cf3c00264a07eeae4326fdc","","0","0","0","0.000022712","0.06187521008","1809.00","","","0x68747470"
"0xe90875099555d2c9ba1d635c7b0f68d9d4d37802be6c1572fecc58fb1934169c","22408121","1746334103","2025-05-04 04:48:23","0x290ca4da2c963dea5ae736469a5b8a53d64d4e6a","0x649614d3f7a7d68b3cf3c00264a07eeae4326fdc","","0","0","0","0.000022712","0.06187521008","1809.00","","","0x68747470"
"0xee078e20dcf2e0a34e46f99b4bdfb0d3c2fd6d4f08bef4d11c775cf47e87e7cb","22408286","1746336095","2025-05-04 05:21:35","0x290ca4da2c963dea5ae736469a5b8a53d64d4e6a","0x649614d3f7a7d68b3cf3c00264a07eeae4326fdc","","0","0","0","0.000022712","0.06187521008","1809.00","","","0x68747470"
"0x82527b439643e5793ea3e7c92072c10482bc1f0023da0884013a02055b99b483","22408493","1746338579","2025-05-04 06:02:59","0x290ca4da2c963dea5ae736469a5b8a53d64d4e6a","0x649614d3f7a7d68b3cf3c00264a07eeae4326fdc","","0","0","0","0.000022712","0.06187521008","1809.00","","","0x68747470"
"0x483791e4c757b409dc07a44771476921fe74e1668d69703fc33ec38facc05726","22408661","1746340619","2025-05-04 06:36:59","0x290ca4da2c963dea5ae736469a5b8a53d64d4e6a","0x649614d3f7a7d68b3cf3c00264a07eeae4326fdc","","0","0","0","0.000022712","0.06187521008","1809.00","","","0x68747470"
"0xb2b65087d799b59458e997428f0235df379dcee2baab7bee6f5f00e21be7407e","22408865","1746343103","2025-05-04 07:18:23","0x290ca4da2c963dea5ae736469a5b8a53d64d4e6a","0x649614d3f7a7d68b3cf3c00264a07eeae4326fdc","","0","0","0","0.000022712","0.06187521008","1809.00","","","0x68747470"
"0x4b1194340ace8b06a589c45d1c8ccb178269fb7117ed1a30a5b6d0981db3e9b5","22409032","1746345107","2025-05-04 07:51:47","0x290ca4da2c963dea5ae736469a5b8a53d64d4e6a","0x649614d3f7a7d68b3cf3c00264a07eeae4326fdc","","0","0","0","0.000022712","0.06187521008","1809.00","","","0x68747470"
"0xfa7ce4ce3a6e4db9bf3c84814a27c36d4df0e675267aac67caee36b0830a7fa0","22409234","1746347591","2025-05-04 08:33:11","0x290ca4da2c963dea5ae736469a5b8a53d64d4e6a","0x649614d3f7a7d68b3cf3c00264a07eeae4326fdc","","0","0","0","0.000022712","0.06187521008","1809.00","","","0x68747470"
"0x27499b2d872ff2217588c0d72f4a916056102c913a70e73adc2e6f407494957b","22409400","1746349619","2025-05-04 09:06:59","0x290ca4da2c963dea5ae736469a5b8a53d64d4e6a","0x649614d3f7a7d68b3cf3c00264a07eeae4326fdc","","0","0","0","0.000022712","0.06187521008","1809.00","","","0x68747470"
"0x325591e46311f39113608487ae0a862eeafbf931f0165af131d531da6c4a9893","22409606","1746352115","2025-05-04 09:48:35","0x290ca4da2c963dea5ae736469a5b8a53d64d4e6a","0x649614d3f7a7d68b3cf3c00264a07eeae4326fdc","","0","0","0","0.000022712","0.06187521008","1809.00","","","0x68747470"
"0x5a14c9ff020ee31a292cd94bf1a57a3f247f0ed7abecc69d95d0dfeb6d2c1fa6","22409772","1746354119","2025-05-04 10:21:59","0x290ca4da2c963dea5ae736469a5b8a53d64d4e6a","0x649614d3f7a7d68b3cf3c00264a07eeae4326fdc","","0","0","0","0.000022712","0.06187521008","1809.00","","","0x68747470"
"0xb90d88b52c0fe658d8e8705224e89f1ddf860fabf507147af0094753bd023463","22409978","1746356603","2025-05-04 11:03:23","0x290ca4da2c963dea5ae736469a5b8a53d64d4e6a","0x649614d3f7a7d68b3cf3c00264a07eeae4326fdc","","0","0","0","0.000022712","0.06187521008","1809.00","","","0x68747470"
"0xbf2933f92bb295bb0675b4e91b088a974212cdccbe2bafb011966770c8028d4c","22410143","1746358607","2025-05-04 11:36:47","0x290ca4da2c963dea5ae736469a5b8a53d64d4e6a","0x649614d3f7a7d68b3cf3c00264a07eeae4326fdc","","0","0","0","0.000022712","0.06187521008","1809.00","","","0x68747470"
"0x9a64f1e36207fa063123de240a702abde420290f37e1bef7de68a76a1606e9dc","22410344","1746361079","2025-05-04 12:17:59","0x290ca4da2c963dea5ae736469a5b8a53d64d4e6a","0x649614d3f7a7d68b3cf3c00264a07eeae4326fdc","","0","0","0","0.000022712","0.06187521008","1809.00","","","0x68747470"
"0xd55f5f65a2c286f5c7ab88e6e028d32f8144863f449b98a5377bf0eb11c47bcc","22410511","1746363107","2025-05-04 12:51:47","0x290ca4da2c963dea5ae736469a5b8a53d64d4e6a","0x649614d3f7a7d68b3cf3c00264a07eeae4326fdc","","0","0","0","0.000022712","0.06187521008","1809.00","","","0x68747470"
"0xf0795361acbffcb5adb615e63399dcae87411f180a3b25330239900fef780d30","22410715","1746365567","2025-05-04 13:32:47","0x290ca4da2c963dea5ae736469a5b8a53d64d4e6a","0x649614d3f7a7d68b3cf3c00264a07eeae4326fdc","","0","0","0","0.000022712","0.06187521008","1809.00","","","0x68747470"
"0x6eda62ec884373e2fbd7e85f6ee07c2cec8043a57637ab68c84f4c58a03bd56d","22410882","1746367595","2025-05-04 14:06:35","0x290ca4da2c963dea5ae736469a5b8a53d64d4e6a","0x649614d3f7a7d68b3cf3c00264a07eeae4326fdc","","0","0","0","0.000022712","0.06187521008","1809.00","","","0x68747470"
"0x6eecf95f36e7dadf7c644ddd5bf2f0e33c0e98534651f7bd6e196a86f45d7149","22411086","1746370079","2025-05-04 14:47:59","0x290ca4da2c963dea5ae736469a5b8a53d64d4e6a","0x649614d3f7a7d68b3cf3c00264a07eeae4326fdc","","0","0","0","0.000022712","0.06187521008","1809.00","","","0x68747470"
"0x15a140289fdff25e84ec3bc142e72004f9679ba37958133af6b95d8723965fe2","22411259","1746372179","2025-05-04 15:22:59","0x290ca4da2c963dea5ae736469a5b8a53d64d4e6a","0x649614d3f7a7d68b3cf3c00264a07eeae4326fdc","","0","0","0","0.000022712","0.06187521008","1809.00","","","0x68747470"
"0x9cd5b54b9059ee8e19b1d8c152d4f86cd57d0ef6aeab0e37417a550947447477","22411464","1746374651","2025-05-04 16:04:11","0x290ca4da2c963dea5ae736469a5b8a53d64d4e6a","0x649614d3f7a7d68b3cf3c00264a07eeae4326fdc","","0","0","0","0.000022712","0.06187521008","1809.00","","","0x68747470"
"0x6fa2287665a6d4020d28aec7d74d91363a72c085649cb665c9729a432c436658","22411626","1746376631","2025-05-04 16:37:11","0x290ca4da2c963dea5ae736469a5b8a53d64d4e6a","0x649614d3f7a7d68b3cf3c00264a07eeae4326fdc","","0","0","0","0.000022712","0.06187521008","1809.00","","","0x68747470"
"0xf67cb71c4dc209cc56c65b1211ef9a5d18dedbb8dbacce9aeeec31862bcd8486","22411830","1746379091","2025-05-04 17:18:11","0x290ca4da2c963dea5ae736469a5b8a53d64d4e6a","0x649614d3f7a7d68b3cf3c00264a07eeae4326fdc","","0","0","0","0.000022712","0.06187521008","1809.00","","","0x68747470"
"0xd21bbc01f88e527b07a3467283369853043d8c780c693cac3befe6363601b71d","22411996","1746381083","2025-05-04 17:51:23","0x290ca4da2c963dea5ae736469a5b8a53d64d4e6a","0x649614d3f7a7d68b3cf3c00264a07eeae4326fdc","","0","0","0","0.000022712","0.06187521008","1809.00","","","0x68747470"
"0x1d4c181d77229040665b9100d73b86754833842864102c47645a6a0ee756f794","22412395","1746385871","2025-05-04 19:11:11","0x290ca4da2c963dea5ae736469a5b8a53d64d4e6a","0x649614d3f7a7d68b3cf3c00264a07eeae4326fdc","","0","0","0","0.000022712","0.06187521008","1809.00","","","0x68747470"
"0xee02af7fe6101414a0dd14743b2d19492c07944356d641a3f8923d6a0d9946f9","22412612","1746388523","2025-05-04 19:55:23","0x290ca4da2c963dea5ae736469a5b8a53d64d4e6a","0x649614d3f7a7d68b3cf3c00264a07eeae4326fdc","","0","0","0","0.000022712","0.06187521008","1809.00","","","0x68747470"
"0xff7bbb53b7002db95bdfe0b47329961909d97f563a8afcae05ac659a067d6544","22412790","1746390683","2025-05-04 20:31:23","0x290ca4da2c963dea5ae736469a5b8a53d64d4e6a","0x649614d3f7a7d68b3cf3c00264a07eeae4326fdc","","0","0","0","0.000022712","0.06187521008","1809.00","","","0x68747470"
"0x4035067a5b22057889794c926634ed33484abfd6796975009747f1a3a199874b","22413183","1746395447","2025-05-04 21:50:47","0x290ca4da2c963dea5ae736469a5b8a53d64d4e6a","0x649614d3f7a7d68b3cf3c00264a07eeae4326fdc","","0","0","0","0.000022712","0.06187521008","1809.00","","","0x68747470"
"0xf435e0eb1548a6ab91e867026e86793abfabd5ec8feaf33300d36ae2ed01f4ab","22413383","1746397871","2025-05-04 22:31:11","0x290ca4da2c963dea5ae736469a5b8a53d64d4e6a","0x649614d3f7a7d68b3cf3c00264a07eeae4326fdc","","0","0","0","0.000022712","0.06187521008","1809.00","","","0x68747470"
"0x538174581576837f998f60575c625a2c8048e471b993d694d23c8935595541f9","22425557","1746545291","2025-05-06 15:28:11","0x06c2f86379e5a38ac4ed369a1d9e936df3e5e4b7","0x649614d3f7a7d68b3cf3c00264a07eeae4326fdc","","0.00000556","0","0.0151473304","0.000071600925732","0.195065266008717","1816.98","","","Transfer"
"0xf371119149e6ab12974265f633b3cea7510167bfed91577da81e622596bd6dc9","22427706","1746571319","2025-05-06 22:41:59","0x06c2f86379e5a38ac4ed369a1d9e936df3e5e4b7","0x649614d3f7a7d68b3cf3c00264a07eeae4326fdc","","0.00000556","0","0.0151473304","0.000019295427375","0.0525673046148075","1816.98","","","Transfer"
"0x30de6146535a07f9595bca0ddc22925e4f04c3098d9ae06d0aa1770c5fe312bc","22432881","1746634763","2025-05-07 16:19:23","0x06c2f86379e5a38ac4ed369a1d9e936df3e5e4b7","0x649614d3f7a7d68b3cf3c00264a07eeae4326fdc","","0.000009","0","0.02451906","0.00021","0.5721114","1811.34","","","Transfer"
"0x6d90dbd7030000cfc931f14066f7ecd48b1f333e41f7328fc59e0e7ef70b063b","22449752","1746840731","2025-05-10 01:32:11","0x2377b60638eff2450f4bc17ae25223e8fd08a923","0x649614d3f7a7d68b3cf3c00264a07eeae4326fdc","","0.000005","0","0.0136217","0.00002533117101088","0.0690107224317808","2583.77","","","0x4d657373"
"0xa3f03cfb287d891193e3a11c6900f22bde0b2e77f7414c75eb034c7c2971b54d","22450167","1746845771","2025-05-10 02:56:11","0x2377b60638eff2450f4bc17ae25223e8fd08a923","0x649614d3f7a7d68b3cf3c00264a07eeae4326fdc","","0.000005","0","0.0136217","0.0000242661616146","0.0661092747331194","2583.77","","","0x4d657373"
"0x31866fb93e0783bcebf36084705945a9d5968a8240d64ecb8c9d1f8034ff818f","22454993","1746904439","2025-05-10 19:13:59","0x2377b60638eff2450f4bc17ae25223e8fd08a923","0x649614d3f7a7d68b3cf3c00264a07eeae4326fdc","","0.000005","0","0.0136217","0.00013288013187636","0.362010658476043","2583.77","","","0x4d657373"
"0xdde73d92c9535fa7e3939ffeb22ae24117316e86b693314f94f9bd15c93cf1f7","22463959","1747013483","2025-05-12 01:31:23","0x2377b60638eff2450f4bc17ae25223e8fd08a923","0x649614d3f7a7d68b3cf3c00264a07eeae4326fdc","","0.000005","0","0.0136217","0.0000718914706968","0.19585680927812","2495.56","","","0xe29aa0ef"
"0xf451da489d4ef39b75f31f4d9308b3e11e66d785c85c5d1b6581a4b63bad6976","22475997","1747159955","2025-05-13 18:12:35","0x2377b60638eff2450f4bc17ae25223e8fd08a923","0x649614d3f7a7d68b3cf3c00264a07eeae4326fdc","","0.000005","0","0.0136217","0.0002060811279176","0.561435060031034","2680.04","","","0xe29aa0ef"
"0x41b990620d4bbd1968bb4abc80abf73a9c23cb8f72f3686b4c985471b034f7ab","22547217","1748023259","2025-05-23 18:00:59","0x290ca4da2c963dea5ae736469a5b8a53d64d4e6a","0x649614d3f7a7d68b3cf3c00264a07eeae4326fdc","","0","0","0","0.00005296","0.1442810464","2526.90","","","0x68747470"
"0x721be42d95832db4e58ac3d15c46fd8e0ce1e99fb16ff12699ab15366f6e2479","22547429","1748025803","2025-05-23 18:43:23","0x290ca4da2c963dea5ae736469a5b8a53d64d4e6a","0x649614d3f7a7d68b3cf3c00264a07eeae4326fdc","","0","0","0","0.00005296","0.1442810464","2526.90","","","0x68747470"
"0x2b3d5e46ac8f1ecd799110dd81b87d4c46f62a7aa3e577f6c3893bfe11d62ecc","22547592","1748027759","2025-05-23 19:15:59","0x290ca4da2c963dea5ae736469a5b8a53d64d4e6a","0x649614d3f7a7d68b3cf3c00264a07eeae4326fdc","","0","0","0","0.00005296","0.1442810464","2526.90","","","0x68747470"
"0x9ce8a68383d5b581e59404de2b05dccc0073dd4b648c86a7f5a2945a2f6dd27e","22547798","1748030291","2025-05-23 19:58:11","0x290ca4da2c963dea5ae736469a5b8a53d64d4e6a","0x649614d3f7a7d68b3cf3c00264a07eeae4326fdc","","0","0","0","0.00005296","0.1442810464","2526.90","","","0x68747470"
"0xc343a27cd46b91858c243620b1eff6806e54b4843d26cf580d62965998912daf","22548051","1748033351","2025-05-23 20:49:11","0x290ca4da2c963dea5ae736469a5b8a53d64d4e6a","0x649614d3f7a7d68b3cf3c00264a07eeae4326fdc","","0","0","0","0.00005296","0.1442810464","2526.90","","","0x68747470"
"0xb904282d10728376a1210d7a6f43d78f3daa5a2e5d11fe49c685eb0f0efbdd44","22548169","1748034791","2025-05-23 21:13:11","0x290ca4da2c963dea5ae736469a5b8a53d64d4e6a","0x649614d3f7a7d68b3cf3c00264a07eeae4326fdc","","0","0","0","0.00005296","0.1442810464","2526.90","","","0x68747470"
"0x2b30c3c0e01ed41b9248cdc9babe93ebb512e94b58bde37a095b0bc0379489b9","22548332","1748036759","2025-05-23 21:45:59","0x290ca4da2c963dea5ae736469a5b8a53d64d4e6a","0x649614d3f7a7d68b3cf3c00264a07eeae4326fdc","","0","0","0","0.00005296","0.1442810464","2526.90","","","0x68747470"
"0x9a2ff67e6ba1d85b3d4622a712765d4ad97203bae91bba8526d26f20983f0847","22572357","1748327555","2025-05-27 06:32:35","0x18d0230037cbcc426d49687f5ae309aa5b9306f2","0x649614d3f7a7d68b3cf3c00264a07eeae4326fdc","","0","0","0","0.0002142","0.583553628","2662.00","","","0x4920616d"
"0x88589c8c3f720b706718a1145d06dd3f93e4b874dd8e665746116e7a75a11647","22592503","1748571263","2025-05-30 02:14:23","0x1c56b1534dab55144ae781215fe979123291a999","0x649614d3f7a7d68b3cf3c00264a07eeae4326fdc","","0.000005","0","0.0136217","0.00008853983513728","0.241212614457897","2531.79","","","0xe29aa0ef"
"0x5da39cf606ce4152b1b80911592878b588b80ad6610cc280a5efc442c332519f","22598938","1748648999","2025-05-30 23:49:59","0x1c56b1534dab55144ae781215fe979123291a999","0x649614d3f7a7d68b3cf3c00264a07eeae4326fdc","","0.000005","0","0.0136217","0.00004934548188568","0.134433870120433","2531.79","","","0xe29aa0ef"
"0xef502dd1ef32a75393fcb26285d36620aec7ede2118cfcf34978c0753f873224","23321088","1757367287","2025-09-08 21:34:47","0x59abc82208ca435773608eb70f4035fc2ea861da","0x649614d3f7a7d68b3cf3c00264a07eeae4326fdc","","0.000001","0","0.00272434","0.000025289235153","0.068896474896724","4306.62","","","Transfer"
"0x5cfbbb43f6a02cb79b8fdaa874f02d5b8604c13443c7cfa4ed9ca580c6e1b224","23321095","1757367371","2025-09-08 21:36:11","0x59abc82208ca435773608eb70f4035fc2ea861da","0x649614d3f7a7d68b3cf3c00264a07eeae4326fdc","","0.000001","0","0.00272434","0.000025955422647","0.070711396134128","4306.62","","","Transfer"
"0x0d37e9e14d2a3f90c7d4894f663118d61c966b2f34fc1d25b6e77e27d7ba9efa","25063409","1778400611","2026-05-10 08:10:11","0x64961f86e669f018eaac25209c565f327d826fdc","0x649614d3f7a7d68b3cf3c00264a07eeae4326fdc","","0.000010953224851289","0","0.0298403085913607","0.000003984173487","0.0108542431975736","2370.89","","","Transfer"
"0x6a1ee63b143d7944e83e5515343da2cf42fa4d22abe1475d12eb0d9598c76b30","25082916","1778635583","2026-05-13 01:26:23","0x6496124892a83e25bab4a9d0186baaeee2026fdc","0x649614d3f7a7d68b3cf3c00264a07eeae4326fdc","","0.000010183543314548","0","0.0277434343935557","0.000002463987456","0.00671273958587904","2257.90","","","Transfer"
